mode: atomic
github.com/umatare5/cisco-ios-xe-wireless-go/wnc.go:82.69,84.16 2 20
github.com/umatare5/cisco-ios-xe-wireless-go/wnc.go:84.16,86.3 1 4
github.com/umatare5/cisco-ios-xe-wireless-go/wnc.go:87.2,87.39 1 16
github.com/umatare5/cisco-ios-xe-wireless-go/wnc.go:95.42,95.72 1 1
github.com/umatare5/cisco-ios-xe-wireless-go/wnc.go:98.47,98.91 1 11
github.com/umatare5/cisco-ios-xe-wireless-go/wnc.go:101.65,101.94 1 2
github.com/umatare5/cisco-ios-xe-wireless-go/wnc.go:104.56,104.100 1 2
github.com/umatare5/cisco-ios-xe-wireless-go/wnc.go:107.54,107.96 1 2
github.com/umatare5/cisco-ios-xe-wireless-go/wnc.go:110.40,110.69 1 1
github.com/umatare5/cisco-ios-xe-wireless-go/wnc.go:113.38,113.71 1 1
github.com/umatare5/cisco-ios-xe-wireless-go/wnc.go:131.48,131.82 1 3
github.com/umatare5/cisco-ios-xe-wireless-go/wnc.go:136.46,136.84 1 2
github.com/umatare5/cisco-ios-xe-wireless-go/wnc.go:141.38,141.71 1 3
github.com/umatare5/cisco-ios-xe-wireless-go/wnc.go:160.95,162.2 1 13
github.com/umatare5/cisco-ios-xe-wireless-go/wnc.go:178.90,180.2 1 2
github.com/umatare5/cisco-ios-xe-wireless-go/wnc.go:184.89,186.2 1 2
github.com/umatare5/cisco-ios-xe-wireless-go/wnc.go:190.91,192.2 1 5
github.com/umatare5/cisco-ios-xe-wireless-go/wnc.go:196.79,198.2 1 2
github.com/umatare5/cisco-ios-xe-wireless-go/wnc.go:204.89,206.2 1 1
github.com/umatare5/cisco-ios-xe-wireless-go/wnc.go:216.97,218.2 1 4
github.com/umatare5/cisco-ios-xe-wireless-go/wnc.go:223.36,225.2 1 1
github.com/umatare5/cisco-ios-xe-wireless-go/wnc.go:228.34,230.2 1 1
github.com/umatare5/cisco-ios-xe-wireless-go/wnc.go:233.36,235.2 1 1
github.com/umatare5/cisco-ios-xe-wireless-go/wnc.go:238.40,240.2 1 1
github.com/umatare5/cisco-ios-xe-wireless-go/wnc.go:243.36,245.2 1 1
github.com/umatare5/cisco-ios-xe-wireless-go/wnc.go:248.42,250.2 1 1
github.com/umatare5/cisco-ios-xe-wireless-go/wnc.go:253.50,255.2 1 1
github.com/umatare5/cisco-ios-xe-wireless-go/wnc.go:258.36,260.2 1 1
github.com/umatare5/cisco-ios-xe-wireless-go/wnc.go:263.40,265.2 1 1
github.com/umatare5/cisco-ios-xe-wireless-go/wnc.go:268.40,270.2 1 1
github.com/umatare5/cisco-ios-xe-wireless-go/wnc.go:273.42,275.2 1 1
github.com/umatare5/cisco-ios-xe-wireless-go/wnc.go:278.38,280.2 1 1
github.com/umatare5/cisco-ios-xe-wireless-go/wnc.go:283.44,285.2 1 1
github.com/umatare5/cisco-ios-xe-wireless-go/wnc.go:288.52,290.2 1 1
github.com/umatare5/cisco-ios-xe-wireless-go/wnc.go:293.56,295.2 1 1
github.com/umatare5/cisco-ios-xe-wireless-go/wnc.go:298.38,300.2 1 1
github.com/umatare5/cisco-ios-xe-wireless-go/wnc.go:303.46,305.2 1 1
github.com/umatare5/cisco-ios-xe-wireless-go/wnc.go:308.40,310.2 1 1
github.com/umatare5/cisco-ios-xe-wireless-go/wnc.go:313.38,315.2 1 1
github.com/umatare5/cisco-ios-xe-wireless-go/wnc.go:318.38,320.2 1 1
github.com/umatare5/cisco-ios-xe-wireless-go/wnc.go:323.46,325.2 1 1
github.com/umatare5/cisco-ios-xe-wireless-go/wnc.go:328.38,330.2 1 1
github.com/umatare5/cisco-ios-xe-wireless-go/wnc.go:333.40,335.2 1 1
github.com/umatare5/cisco-ios-xe-wireless-go/wnc.go:338.34,340.2 1 1
github.com/umatare5/cisco-ios-xe-wireless-go/wnc.go:343.38,345.2 1 1
github.com/umatare5/cisco-ios-xe-wireless-go/wnc.go:348.40,350.2 1 1
github.com/umatare5/cisco-ios-xe-wireless-go/wnc.go:353.36,355.2 1 1
github.com/umatare5/cisco-ios-xe-wireless-go/wnc.go:358.38,360.2 1 1
github.com/umatare5/cisco-ios-xe-wireless-go/wnc.go:364.42,366.2 1 1
github.com/umatare5/cisco-ios-xe-wireless-go/wnc.go:370.38,372.2 1 1
github.com/umatare5/cisco-ios-xe-wireless-go/wnc.go:376.36,378.2 1 1
github.com/umatare5/cisco-ios-xe-wireless-go/wnc.go:381.38,383.2 1 4
github.com/umatare5/cisco-ios-xe-wireless-go/wnc.go:389.53,391.2 1 1
github.com/umatare5/cisco-ios-xe-wireless-go/wnc.go:395.43,397.2 1 1
github.com/umatare5/cisco-ios-xe-wireless-go/wnc.go:401.49,403.2 1 1
github.com/umatare5/cisco-ios-xe-wireless-go/internal/errors/service.go:23.81,25.2 1 3
github.com/umatare5/cisco-ios-xe-wireless-go/internal/errors/service.go:43.57,45.2 1 3
github.com/umatare5/cisco-ios-xe-wireless-go/internal/errors/service.go:63.53,65.2 1 3
github.com/umatare5/cisco-ios-xe-wireless-go/internal/errors/service.go:82.53,84.2 1 2
github.com/umatare5/cisco-ios-xe-wireless-go/internal/errors/service.go:101.50,103.2 1 2
github.com/umatare5/cisco-ios-xe-wireless-go/internal/errors/service.go:121.57,123.2 1 2
github.com/umatare5/cisco-ios-xe-wireless-go/internal/restconf/builder.go:35.55,40.2 1 9
github.com/umatare5/cisco-ios-xe-wireless-go/internal/restconf/builder.go:43.60,44.62 1 5
github.com/umatare5/cisco-ios-xe-wireless-go/internal/restconf/builder.go:44.62,46.3 1 1
github.com/umatare5/cisco-ios-xe-wireless-go/internal/restconf/builder.go:47.2,48.93 2 4
github.com/umatare5/cisco-ios-xe-wireless-go/internal/restconf/builder.go:52.61,53.63 1 4
github.com/umatare5/cisco-ios-xe-wireless-go/internal/restconf/builder.go:53.63,55.3 1 1
github.com/umatare5/cisco-ios-xe-wireless-go/internal/restconf/builder.go:56.2,57.105 2 3
github.com/umatare5/cisco-ios-xe-wireless-go/internal/restconf/builder.go:66.69,68.2 1 10
github.com/umatare5/cisco-ios-xe-wireless-go/internal/restconf/builder.go:75.89,77.27 2 10
github.com/umatare5/cisco-ios-xe-wireless-go/internal/restconf/builder.go:77.27,78.26 1 15
github.com/umatare5/cisco-ios-xe-wireless-go/internal/restconf/builder.go:79.15,80.38 1 7
github.com/umatare5/cisco-ios-xe-wireless-go/internal/restconf/builder.go:81.12,82.36 1 2
github.com/umatare5/cisco-ios-xe-wireless-go/internal/restconf/builder.go:83.14,84.45 1 1
github.com/umatare5/cisco-ios-xe-wireless-go/internal/restconf/builder.go:85.16,86.56 1 1
github.com/umatare5/cisco-ios-xe-wireless-go/internal/restconf/builder.go:87.13,88.42 1 3
github.com/umatare5/cisco-ios-xe-wireless-go/internal/restconf/builder.go:89.11,90.57 1 1
github.com/umatare5/cisco-ios-xe-wireless-go/internal/restconf/builder.go:93.2,93.69 1 10
github.com/umatare5/cisco-ios-xe-wireless-go/internal/restconf/builder.go:97.41,99.2 1 12
github.com/umatare5/cisco-ios-xe-wireless-go/internal/restconf/builder.go:102.69,103.56 1 12
github.com/umatare5/cisco-ios-xe-wireless-go/internal/restconf/builder.go:103.56,105.3 1 7
github.com/umatare5/cisco-ios-xe-wireless-go/internal/restconf/builder.go:106.2,106.21 1 5
github.com/umatare5/cisco-ios-xe-wireless-go/internal/restconf/query.go:19.64,21.41 2 10
github.com/umatare5/cisco-ios-xe-wireless-go/internal/restconf/query.go:21.41,23.3 1 1
github.com/umatare5/cisco-ios-xe-wireless-go/internal/restconf/query.go:24.2,24.66 1 10
github.com/umatare5/cisco-ios-xe-wireless-go/internal/restconf/query.go:32.44,36.28 3 269
github.com/umatare5/cisco-ios-xe-wireless-go/internal/restconf/query.go:36.28,38.26 2 448
github.com/umatare5/cisco-ios-xe-wireless-go/internal/restconf/query.go:38.26,40.12 2 251
github.com/umatare5/cisco-ios-xe-wireless-go/internal/restconf/query.go:43.3,45.38 3 197
github.com/umatare5/cisco-ios-xe-wireless-go/internal/restconf/query.go:48.2,48.25 1 269
github.com/umatare5/cisco-ios-xe-wireless-go/internal/restconf/query.go:55.36,56.74 1 448
github.com/umatare5/cisco-ios-xe-wireless-go/internal/restconf/query.go:56.74,58.3 1 218
github.com/umatare5/cisco-ios-xe-wireless-go/internal/restconf/query.go:60.2,60.11 1 230
github.com/umatare5/cisco-ios-xe-wireless-go/internal/restconf/query.go:61.51,62.14 1 33
github.com/umatare5/cisco-ios-xe-wireless-go/internal/restconf/query.go:63.10,64.15 1 197
github.com/umatare5/cisco-ios-xe-wireless-go/internal/service/base.go:26.54,28.2 1 6
github.com/umatare5/cisco-ios-xe-wireless-go/internal/service/base.go:40.44,42.2 1 4
github.com/umatare5/cisco-ios-xe-wireless-go/internal/service/mac.go:14.52,15.39 1 14
github.com/umatare5/cisco-ios-xe-wireless-go/internal/service/mac.go:15.39,17.3 1 3
github.com/umatare5/cisco-ios-xe-wireless-go/internal/service/mac.go:19.2,19.44 1 11
github.com/umatare5/cisco-ios-xe-wireless-go/internal/testutil/helper.go:11.76,14.24 2 2
github.com/umatare5/cisco-ios-xe-wireless-go/internal/testutil/helper.go:14.24,16.3 1 0
github.com/umatare5/cisco-ios-xe-wireless-go/internal/testutil/helper.go:20.60,23.13 2 1
github.com/umatare5/cisco-ios-xe-wireless-go/internal/testutil/helper.go:23.13,25.3 1 0
github.com/umatare5/cisco-ios-xe-wireless-go/internal/testutil/helper.go:29.61,32.12 2 1
github.com/umatare5/cisco-ios-xe-wireless-go/internal/testutil/helper.go:32.12,34.3 1 0
github.com/umatare5/cisco-ios-xe-wireless-go/internal/testutil/helper.go:38.65,41.19 2 2
github.com/umatare5/cisco-ios-xe-wireless-go/internal/testutil/helper.go:41.19,43.3 1 1
github.com/umatare5/cisco-ios-xe-wireless-go/internal/testutil/helper.go:46.2,47.48 2 1
github.com/umatare5/cisco-ios-xe-wireless-go/internal/testutil/helper.go:47.48,49.3 1 1
github.com/umatare5/cisco-ios-xe-wireless-go/internal/testutil/helper.go:51.2,51.69 1 0
github.com/umatare5/cisco-ios-xe-wireless-go/internal/testutil/helper.go:55.79,58.16 2 1
github.com/umatare5/cisco-ios-xe-wireless-go/internal/testutil/helper.go:58.16,60.3 1 0
github.com/umatare5/cisco-ios-xe-wireless-go/internal/testutil/helper.go:61.2,61.19 1 1
github.com/umatare5/cisco-ios-xe-wireless-go/internal/testutil/helper.go:61.19,63.3 1 0
github.com/umatare5/cisco-ios-xe-wireless-go/internal/testutil/helper.go:67.73,70.16 2 1
github.com/umatare5/cisco-ios-xe-wireless-go/internal/testutil/helper.go:70.16,72.3 1 0
github.com/umatare5/cisco-ios-xe-wireless-go/internal/testutil/helper.go:76.59,79.16 2 1
github.com/umatare5/cisco-ios-xe-wireless-go/internal/testutil/helper.go:79.16,81.3 1 0
github.com/umatare5/cisco-ios-xe-wireless-go/internal/testutil/helper.go:85.61,88.16 2 1
github.com/umatare5/cisco-ios-xe-wireless-go/internal/testutil/helper.go:88.16,90.3 1 0
github.com/umatare5/cisco-ios-xe-wireless-go/internal/testutil/helper.go:94.81,97.16 2 1
github.com/umatare5/cisco-ios-xe-wireless-go/internal/testutil/helper.go:97.16,99.3 1 0
github.com/umatare5/cisco-ios-xe-wireless-go/internal/testutil/helper.go:100.2,100.50 1 1
github.com/umatare5/cisco-ios-xe-wireless-go/internal/testutil/helper.go:100.50,102.3 1 0
github.com/umatare5/cisco-ios-xe-wireless-go/internal/testutil/helper.go:106.60,109.18 2 1
github.com/umatare5/cisco-ios-xe-wireless-go/internal/testutil/helper.go:109.18,111.3 1 0
github.com/umatare5/cisco-ios-xe-wireless-go/internal/testutil/helper.go:115.57,118.18 2 1
github.com/umatare5/cisco-ios-xe-wireless-go/internal/testutil/helper.go:118.18,120.3 1 0
github.com/umatare5/cisco-ios-xe-wireless-go/internal/testutil/helper.go:124.73,127.24 2 1
github.com/umatare5/cisco-ios-xe-wireless-go/internal/testutil/helper.go:127.24,129.3 1 0
github.com/umatare5/cisco-ios-xe-wireless-go/internal/testutil/helper.go:133.64,136.17 2 1
github.com/umatare5/cisco-ios-xe-wireless-go/internal/testutil/helper.go:136.17,138.3 1 0
github.com/umatare5/cisco-ios-xe-wireless-go/internal/testutil/helper.go:142.76,145.16 2 1
github.com/umatare5/cisco-ios-xe-wireless-go/internal/testutil/helper.go:145.16,147.3 1 0
github.com/umatare5/cisco-ios-xe-wireless-go/internal/testutil/helper.go:148.2,148.29 1 1
github.com/umatare5/cisco-ios-xe-wireless-go/internal/testutil/helper.go:148.29,150.3 1 0
github.com/umatare5/cisco-ios-xe-wireless-go/internal/testutil/helper.go:154.74,157.24 2 1
github.com/umatare5/cisco-ios-xe-wireless-go/internal/testutil/helper.go:157.24,159.3 1 0
github.com/umatare5/cisco-ios-xe-wireless-go/internal/testutil/helper.go:163.82,166.48 2 2
github.com/umatare5/cisco-ios-xe-wireless-go/internal/testutil/helper.go:166.48,168.3 1 0
github.com/umatare5/cisco-ios-xe-wireless-go/internal/testutil/helper.go:172.89,175.24 2 1
github.com/umatare5/cisco-ios-xe-wireless-go/internal/testutil/helper.go:175.24,177.3 1 0
github.com/umatare5/cisco-ios-xe-wireless-go/internal/testutil/helper.go:181.78,184.24 2 2
github.com/umatare5/cisco-ios-xe-wireless-go/internal/testutil/helper.go:184.24,186.3 1 0
github.com/umatare5/cisco-ios-xe-wireless-go/internal/transport/client.go:24.117,31.2 1 17
github.com/umatare5/cisco-ios-xe-wireless-go/internal/transport/client.go:34.106,35.27 1 6
github.com/umatare5/cisco-ios-xe-wireless-go/internal/transport/client.go:35.27,37.3 1 1
github.com/umatare5/cisco-ios-xe-wireless-go/internal/transport/client.go:39.2,42.16 3 5
github.com/umatare5/cisco-ios-xe-wireless-go/internal/transport/client.go:42.16,45.3 2 1
github.com/umatare5/cisco-ios-xe-wireless-go/internal/transport/client.go:47.2,49.17 3 4
github.com/umatare5/cisco-ios-xe-wireless-go/internal/transport/client.go:57.26,58.27 1 4
github.com/umatare5/cisco-ios-xe-wireless-go/internal/transport/client.go:58.27,60.3 1 1
github.com/umatare5/cisco-ios-xe-wireless-go/internal/transport/client.go:63.2,63.20 1 3
github.com/umatare5/cisco-ios-xe-wireless-go/internal/transport/client.go:63.20,65.3 1 1
github.com/umatare5/cisco-ios-xe-wireless-go/internal/transport/client.go:67.2,70.71 2 2
github.com/umatare5/cisco-ios-xe-wireless-go/internal/transport/client.go:78.26,79.27 1 5
github.com/umatare5/cisco-ios-xe-wireless-go/internal/transport/client.go:79.27,81.3 1 1
github.com/umatare5/cisco-ios-xe-wireless-go/internal/transport/client.go:84.2,84.20 1 4
github.com/umatare5/cisco-ios-xe-wireless-go/internal/transport/client.go:84.20,87.17 3 2
github.com/umatare5/cisco-ios-xe-wireless-go/internal/transport/client.go:87.17,90.4 2 1
github.com/umatare5/cisco-ios-xe-wireless-go/internal/transport/client.go:91.3,93.18 3 1
github.com/umatare5/cisco-ios-xe-wireless-go/internal/transport/client.go:96.2,98.74 2 2
github.com/umatare5/cisco-ios-xe-wireless-go/internal/transport/client.go:102.110,103.16 1 3
github.com/umatare5/cisco-ios-xe-wireless-go/internal/transport/client.go:103.16,105.3 1 1
github.com/umatare5/cisco-ios-xe-wireless-go/internal/transport/client.go:106.2,107.16 2 2
github.com/umatare5/cisco-ios-xe-wireless-go/internal/transport/client.go:107.16,110.3 2 0
github.com/umatare5/cisco-ios-xe-wireless-go/internal/transport/client.go:111.2,111.18 1 2
github.com/umatare5/cisco-ios-xe-wireless-go/internal/transport/client.go:120.26,122.16 2 4
github.com/umatare5/cisco-ios-xe-wireless-go/internal/transport/client.go:122.16,124.3 1 2
github.com/umatare5/cisco-ios-xe-wireless-go/internal/transport/client.go:126.2,128.16 3 2
github.com/umatare5/cisco-ios-xe-wireless-go/internal/transport/client.go:128.16,131.3 2 0
github.com/umatare5/cisco-ios-xe-wireless-go/internal/transport/client.go:133.2,136.17 4 2
github.com/umatare5/cisco-ios-xe-wireless-go/internal/transport/transport.go:61.52,79.2 1 4
github.com/umatare5/cisco-ios-xe-wireless-go/internal/transport/transport.go:83.58,84.21 1 11
github.com/umatare5/cisco-ios-xe-wireless-go/internal/transport/transport.go:84.21,86.3 1 10
github.com/umatare5/cisco-ios-xe-wireless-go/internal/transport/transport.go:88.2,92.16 5 11
github.com/umatare5/cisco-ios-xe-wireless-go/internal/validation/validation.go:57.48,59.2 1 6
github.com/umatare5/cisco-ios-xe-wireless-go/internal/validation/validation.go:63.40,65.61 2 10
github.com/umatare5/cisco-ios-xe-wireless-go/internal/validation/validation.go:65.61,67.3 1 2
github.com/umatare5/cisco-ios-xe-wireless-go/internal/validation/validation.go:68.2,68.13 1 8
github.com/umatare5/cisco-ios-xe-wireless-go/internal/validation/validation.go:72.50,74.2 1 5
github.com/umatare5/cisco-ios-xe-wireless-go/internal/validation/validation.go:77.52,79.2 1 4
github.com/umatare5/cisco-ios-xe-wireless-go/internal/validation/validation.go:82.49,84.2 1 3
github.com/umatare5/cisco-ios-xe-wireless-go/internal/validation/validation.go:87.56,88.26 1 4
github.com/umatare5/cisco-ios-xe-wireless-go/internal/validation/validation.go:88.26,91.3 1 2
github.com/umatare5/cisco-ios-xe-wireless-go/internal/validation/validation.go:92.2,92.12 1 2
github.com/umatare5/cisco-ios-xe-wireless-go/internal/validation/validation.go:98.38,100.2 1 39
github.com/umatare5/cisco-ios-xe-wireless-go/internal/validation/validation.go:104.37,106.2 1 7
github.com/umatare5/cisco-ios-xe-wireless-go/internal/validation/validation.go:112.43,115.48 2 11
github.com/umatare5/cisco-ios-xe-wireless-go/internal/validation/validation.go:115.48,117.3 1 4
github.com/umatare5/cisco-ios-xe-wireless-go/internal/validation/validation.go:119.2,119.31 1 7
github.com/umatare5/cisco-ios-xe-wireless-go/internal/validation/validation.go:119.31,120.75 1 84
github.com/umatare5/cisco-ios-xe-wireless-go/internal/validation/validation.go:120.75,122.4 1 0
github.com/umatare5/cisco-ios-xe-wireless-go/internal/validation/validation.go:125.2,125.12 1 7
github.com/umatare5/cisco-ios-xe-wireless-go/internal/validation/validation.go:130.54,131.48 1 3
github.com/umatare5/cisco-ios-xe-wireless-go/internal/validation/validation.go:131.48,133.3 1 0
github.com/umatare5/cisco-ios-xe-wireless-go/internal/validation/validation.go:135.2,137.42 3 3
github.com/umatare5/cisco-ios-xe-wireless-go/internal/validation/validation.go:137.42,138.12 1 18
github.com/umatare5/cisco-ios-xe-wireless-go/internal/validation/validation.go:138.12,140.4 1 15
github.com/umatare5/cisco-ios-xe-wireless-go/internal/validation/validation.go:141.3,141.42 1 18
github.com/umatare5/cisco-ios-xe-wireless-go/internal/validation/validation.go:144.2,144.29 1 3
github.com/umatare5/cisco-ios-xe-wireless-go/internal/validation/validation.go:148.45,153.2 4 14
github.com/umatare5/cisco-ios-xe-wireless-go/internal/validation/validation.go:156.38,158.2 1 5
github.com/umatare5/cisco-ios-xe-wireless-go/internal/validation/validation.go:161.39,162.16 1 2
github.com/umatare5/cisco-ios-xe-wireless-go/internal/validation/validation.go:162.16,164.3 1 1
github.com/umatare5/cisco-ios-xe-wireless-go/internal/validation/validation.go:165.2,165.12 1 1
github.com/umatare5/cisco-ios-xe-wireless-go/internal/validation/validation.go:169.53,170.44 1 2
github.com/umatare5/cisco-ios-xe-wireless-go/internal/validation/validation.go:170.44,172.3 1 1
github.com/umatare5/cisco-ios-xe-wireless-go/internal/validation/validation.go:173.2,173.12 1 1
github.com/umatare5/cisco-ios-xe-wireless-go/internal/validation/validation.go:177.42,179.2 1 2
github.com/umatare5/cisco-ios-xe-wireless-go/internal/validation/validation.go:182.58,184.2 1 3
github.com/umatare5/cisco-ios-xe-wireless-go/internal/validation/validation.go:187.51,190.2 1 4
github.com/umatare5/cisco-ios-xe-wireless-go/internal/validation/validation.go:193.52,195.2 1 2
github.com/umatare5/cisco-ios-xe-wireless-go/internal/validation/validation.go:200.63,201.31 1 2
github.com/umatare5/cisco-ios-xe-wireless-go/internal/validation/validation.go:201.31,203.3 1 1
github.com/umatare5/cisco-ios-xe-wireless-go/internal/validation/validation.go:204.2,204.21 1 1
github.com/umatare5/cisco-ios-xe-wireless-go/internal/validation/validation.go:208.58,209.17 1 5
github.com/umatare5/cisco-ios-xe-wireless-go/internal/validation/validation.go:210.14,211.36 1 2
github.com/umatare5/cisco-ios-xe-wireless-go/internal/validation/validation.go:212.16,213.36 1 1
github.com/umatare5/cisco-ios-xe-wireless-go/internal/validation/validation.go:214.12,215.36 1 1
github.com/umatare5/cisco-ios-xe-wireless-go/internal/validation/validation.go:216.10,217.15 1 1
github.com/umatare5/cisco-ios-xe-wireless-go/internal/core/client.go:46.48,47.31 1 6
github.com/umatare5/cisco-ios-xe-wireless-go/internal/core/client.go:47.31,48.42 1 6
github.com/umatare5/cisco-ios-xe-wireless-go/internal/core/client.go:48.42,51.4 1 2
github.com/umatare5/cisco-ios-xe-wireless-go/internal/core/client.go:52.3,53.13 2 4
github.com/umatare5/cisco-ios-xe-wireless-go/internal/core/client.go:58.47,59.31 1 27
github.com/umatare5/cisco-ios-xe-wireless-go/internal/core/client.go:59.31,62.3 2 27
github.com/umatare5/cisco-ios-xe-wireless-go/internal/core/client.go:70.65,71.31 1 4
github.com/umatare5/cisco-ios-xe-wireless-go/internal/core/client.go:71.31,74.3 2 4
github.com/umatare5/cisco-ios-xe-wireless-go/internal/core/client.go:79.62,80.31 1 3
github.com/umatare5/cisco-ios-xe-wireless-go/internal/core/client.go:80.31,81.42 1 3
github.com/umatare5/cisco-ios-xe-wireless-go/internal/core/client.go:81.42,84.4 1 1
github.com/umatare5/cisco-ios-xe-wireless-go/internal/core/client.go:85.3,86.13 2 2
github.com/umatare5/cisco-ios-xe-wireless-go/internal/core/client.go:91.60,92.31 1 2
github.com/umatare5/cisco-ios-xe-wireless-go/internal/core/client.go:92.31,93.42 1 2
github.com/umatare5/cisco-ios-xe-wireless-go/internal/core/client.go:93.42,96.4 1 1
github.com/umatare5/cisco-ios-xe-wireless-go/internal/core/client.go:97.3,98.13 2 1
github.com/umatare5/cisco-ios-xe-wireless-go/internal/core/client.go:103.45,104.31 1 1
github.com/umatare5/cisco-ios-xe-wireless-go/internal/core/client.go:104.31,105.20 1 1
github.com/umatare5/cisco-ios-xe-wireless-go/internal/core/client.go:105.20,107.4 1 1
github.com/umatare5/cisco-ios-xe-wireless-go/internal/core/client.go:108.3,109.13 2 0
github.com/umatare5/cisco-ios-xe-wireless-go/internal/core/client.go:114.45,115.31 1 2
github.com/umatare5/cisco-ios-xe-wireless-go/internal/core/client.go:115.31,116.46 1 2
github.com/umatare5/cisco-ios-xe-wireless-go/internal/core/client.go:116.46,118.4 1 0
github.com/umatare5/cisco-ios-xe-wireless-go/internal/core/client.go:119.3,120.13 2 2
github.com/umatare5/cisco-ios-xe-wireless-go/internal/core/client.go:125.63,132.41 3 48
github.com/umatare5/cisco-ios-xe-wireless-go/internal/core/client.go:132.41,135.3 1 1
github.com/umatare5/cisco-ios-xe-wireless-go/internal/core/client.go:136.2,136.43 1 47
github.com/umatare5/cisco-ios-xe-wireless-go/internal/core/client.go:136.43,139.3 1 1
github.com/umatare5/cisco-ios-xe-wireless-go/internal/core/client.go:142.2,161.27 5 46
github.com/umatare5/cisco-ios-xe-wireless-go/internal/core/client.go:161.27,162.37 1 45
github.com/umatare5/cisco-ios-xe-wireless-go/internal/core/client.go:162.37,164.4 1 5
github.com/umatare5/cisco-ios-xe-wireless-go/internal/core/client.go:168.2,170.20 2 41
github.com/umatare5/cisco-ios-xe-wireless-go/internal/core/client.go:178.79,179.52 1 31
github.com/umatare5/cisco-ios-xe-wireless-go/internal/core/client.go:179.52,181.3 1 2
github.com/umatare5/cisco-ios-xe-wireless-go/internal/core/client.go:183.2,184.16 2 29
github.com/umatare5/cisco-ios-xe-wireless-go/internal/core/client.go:184.16,186.3 1 0
github.com/umatare5/cisco-ios-xe-wireless-go/internal/core/client.go:188.2,189.16 2 29
github.com/umatare5/cisco-ios-xe-wireless-go/internal/core/client.go:189.16,191.3 1 15
github.com/umatare5/cisco-ios-xe-wireless-go/internal/core/client.go:193.2,194.18 2 14
github.com/umatare5/cisco-ios-xe-wireless-go/internal/core/client.go:198.103,199.52 1 13
github.com/umatare5/cisco-ios-xe-wireless-go/internal/core/client.go:199.52,201.3 1 0
github.com/umatare5/cisco-ios-xe-wireless-go/internal/core/client.go:203.2,204.16 2 13
github.com/umatare5/cisco-ios-xe-wireless-go/internal/core/client.go:204.16,206.3 1 1
github.com/umatare5/cisco-ios-xe-wireless-go/internal/core/client.go:208.2,209.16 2 12
github.com/umatare5/cisco-ios-xe-wireless-go/internal/core/client.go:209.16,211.3 1 1
github.com/umatare5/cisco-ios-xe-wireless-go/internal/core/client.go:213.2,214.18 2 11
github.com/umatare5/cisco-ios-xe-wireless-go/internal/core/client.go:220.90,221.52 1 4
github.com/umatare5/cisco-ios-xe-wireless-go/internal/core/client.go:221.52,223.3 1 2
github.com/umatare5/cisco-ios-xe-wireless-go/internal/core/client.go:225.2,226.16 2 2
github.com/umatare5/cisco-ios-xe-wireless-go/internal/core/client.go:226.16,228.3 1 0
github.com/umatare5/cisco-ios-xe-wireless-go/internal/core/client.go:230.2,231.16 2 2
github.com/umatare5/cisco-ios-xe-wireless-go/internal/core/client.go:231.16,233.3 1 1
github.com/umatare5/cisco-ios-xe-wireless-go/internal/core/client.go:235.2,236.18 2 1
github.com/umatare5/cisco-ios-xe-wireless-go/internal/core/client.go:240.61,242.16 2 43
github.com/umatare5/cisco-ios-xe-wireless-go/internal/core/client.go:242.16,244.3 1 6
github.com/umatare5/cisco-ios-xe-wireless-go/internal/core/client.go:245.2,248.16 3 37
github.com/umatare5/cisco-ios-xe-wireless-go/internal/core/client.go:248.16,250.3 1 1
github.com/umatare5/cisco-ios-xe-wireless-go/internal/core/client.go:252.2,252.54 1 36
github.com/umatare5/cisco-ios-xe-wireless-go/internal/core/client.go:252.54,254.3 1 10
github.com/umatare5/cisco-ios-xe-wireless-go/internal/core/client.go:256.2,256.18 1 26
github.com/umatare5/cisco-ios-xe-wireless-go/internal/core/client.go:260.66,261.14 1 49
github.com/umatare5/cisco-ios-xe-wireless-go/internal/core/client.go:261.14,263.3 1 2
github.com/umatare5/cisco-ios-xe-wireless-go/internal/core/client.go:264.2,264.16 1 47
github.com/umatare5/cisco-ios-xe-wireless-go/internal/core/client.go:264.16,266.3 1 3
github.com/umatare5/cisco-ios-xe-wireless-go/internal/core/client.go:267.2,267.12 1 44
github.com/umatare5/cisco-ios-xe-wireless-go/internal/core/client.go:271.57,272.52 1 38
github.com/umatare5/cisco-ios-xe-wireless-go/internal/core/client.go:272.52,274.3 1 1
github.com/umatare5/cisco-ios-xe-wireless-go/internal/core/client.go:278.72,280.16 2 37
github.com/umatare5/cisco-ios-xe-wireless-go/internal/core/client.go:280.16,285.3 2 1
github.com/umatare5/cisco-ios-xe-wireless-go/internal/core/client.go:287.2,288.18 2 36
github.com/umatare5/cisco-ios-xe-wireless-go/internal/core/client.go:292.74,293.45 1 36
github.com/umatare5/cisco-ios-xe-wireless-go/internal/core/client.go:293.45,295.3 1 26
github.com/umatare5/cisco-ios-xe-wireless-go/internal/core/client.go:297.2,305.3 3 10
github.com/umatare5/cisco-ios-xe-wireless-go/internal/core/client.go:310.39,311.37 1 10
github.com/umatare5/cisco-ios-xe-wireless-go/internal/core/client.go:311.37,313.3 1 7
github.com/umatare5/cisco-ios-xe-wireless-go/internal/core/client.go:314.2,314.87 1 3
github.com/umatare5/cisco-ios-xe-wireless-go/internal/core/client.go:320.46,322.95 2 7
github.com/umatare5/cisco-ios-xe-wireless-go/internal/core/client.go:322.95,324.3 1 2
github.com/umatare5/cisco-ios-xe-wireless-go/internal/core/client.go:325.2,325.12 1 5
github.com/umatare5/cisco-ios-xe-wireless-go/internal/core/client.go:329.54,330.14 1 2
github.com/umatare5/cisco-ios-xe-wireless-go/internal/core/client.go:330.14,332.3 1 1
github.com/umatare5/cisco-ios-xe-wireless-go/internal/core/client.go:333.2,333.15 1 1
github.com/umatare5/cisco-ios-xe-wireless-go/internal/core/envelope.go:21.69,23.56 2 10
github.com/umatare5/cisco-ios-xe-wireless-go/internal/core/envelope.go:23.56,25.3 1 1
github.com/umatare5/cisco-ios-xe-wireless-go/internal/core/envelope.go:27.2,28.16 2 9
github.com/umatare5/cisco-ios-xe-wireless-go/internal/core/envelope.go:28.16,30.3 1 6
github.com/umatare5/cisco-ios-xe-wireless-go/internal/core/envelope.go:32.2,33.37 2 3
github.com/umatare5/cisco-ios-xe-wireless-go/internal/core/envelope.go:33.37,35.3 1 1
github.com/umatare5/cisco-ios-xe-wireless-go/internal/core/envelope.go:37.2,38.51 2 2
github.com/umatare5/cisco-ios-xe-wireless-go/internal/core/envelope.go:38.51,40.3 1 0
github.com/umatare5/cisco-ios-xe-wireless-go/internal/core/envelope.go:42.2,42.18 1 2
github.com/umatare5/cisco-ios-xe-wireless-go/internal/core/envelope.go:50.84,51.24 1 9
github.com/umatare5/cisco-ios-xe-wireless-go/internal/core/envelope.go:51.24,53.3 1 4
github.com/umatare5/cisco-ios-xe-wireless-go/internal/core/envelope.go:55.2,56.26 2 5
github.com/umatare5/cisco-ios-xe-wireless-go/internal/core/envelope.go:56.26,58.3 1 5
github.com/umatare5/cisco-ios-xe-wireless-go/internal/core/envelope.go:60.2,62.49 3 5
github.com/umatare5/cisco-ios-xe-wireless-go/internal/core/envelope.go:62.49,64.3 1 2
github.com/umatare5/cisco-ios-xe-wireless-go/internal/core/envelope.go:66.2,66.17 1 3
github.com/umatare5/cisco-ios-xe-wireless-go/internal/core/envelope.go:74.39,79.65 4 12
github.com/umatare5/cisco-ios-xe-wireless-go/internal/core/envelope.go:79.65,81.3 1 1
github.com/umatare5/cisco-ios-xe-wireless-go/internal/core/envelope.go:83.2,83.16 1 11
github.com/umatare5/cisco-ios-xe-wireless-go/internal/core/envelope.go:90.57,91.32 1 3
github.com/umatare5/cisco-ios-xe-wireless-go/internal/core/envelope.go:91.32,93.3 1 0
github.com/umatare5/cisco-ios-xe-wireless-go/internal/core/envelope.go:95.2,95.49 1 3
github.com/umatare5/cisco-ios-xe-wireless-go/internal/core/envelope.go:95.49,96.26 1 3
github.com/umatare5/cisco-ios-xe-wireless-go/internal/core/envelope.go:96.26,97.12 1 0
github.com/umatare5/cisco-ios-xe-wireless-go/internal/core/envelope.go:99.3,99.73 1 3
github.com/umatare5/cisco-ios-xe-wireless-go/internal/core/envelope.go:99.73,101.4 1 2
github.com/umatare5/cisco-ios-xe-wireless-go/internal/core/envelope.go:104.2,104.14 1 1
github.com/umatare5/cisco-ios-xe-wireless-go/internal/core/errors.go:30.35,32.2 1 4
github.com/umatare5/cisco-ios-xe-wireless-go/internal/core/errors.go:37.35,38.22 1 9
github.com/umatare5/cisco-ios-xe-wireless-go/internal/core/errors.go:39.31,40.33 1 1
github.com/umatare5/cisco-ios-xe-wireless-go/internal/core/errors.go:41.28,42.28 1 2
github.com/umatare5/cisco-ios-xe-wireless-go/internal/core/errors.go:43.27,44.29 1 3
github.com/umatare5/cisco-ios-xe-wireless-go/internal/core/errors.go:45.10,46.13 1 3
github.com/umatare5/cisco-ios-xe-wireless-go/internal/core/errors.go:55.38,57.2 1 13
github.com/umatare5/cisco-ios-xe-wireless-go/internal/core/get_options.go:33.48,34.28 1 6
github.com/umatare5/cisco-ios-xe-wireless-go/internal/core/get_options.go:34.28,34.53 1 6
github.com/umatare5/cisco-ios-xe-wireless-go/internal/core/get_options.go:43.46,44.28 1 9
github.com/umatare5/cisco-ios-xe-wireless-go/internal/core/get_options.go:44.28,44.53 1 9
github.com/umatare5/cisco-ios-xe-wireless-go/internal/core/get_options.go:53.38,54.28 1 9
github.com/umatare5/cisco-ios-xe-wireless-go/internal/core/get_options.go:54.28,54.48 1 9
github.com/umatare5/cisco-ios-xe-wireless-go/internal/core/get_options.go:58.64,60.27 2 26
github.com/umatare5/cisco-ios-xe-wireless-go/internal/core/get_options.go:60.27,61.17 1 25
github.com/umatare5/cisco-ios-xe-wireless-go/internal/core/get_options.go:61.17,63.4 1 24
github.com/umatare5/cisco-ios-xe-wireless-go/internal/core/get_options.go:66.2,66.28 1 26
github.com/umatare5/cisco-ios-xe-wireless-go/internal/core/get_options.go:66.28,68.3 1 5
github.com/umatare5/cisco-ios-xe-wireless-go/internal/core/get_options.go:69.2,69.22 1 26
github.com/umatare5/cisco-ios-xe-wireless-go/internal/core/get_options.go:69.22,71.3 1 7
github.com/umatare5/cisco-ios-xe-wireless-go/internal/core/get_options.go:72.2,72.19 1 26
github.com/umatare5/cisco-ios-xe-wireless-go/internal/core/get_options.go:72.19,74.3 1 7
github.com/umatare5/cisco-ios-xe-wireless-go/internal/core/get_options.go:76.2,76.17 1 26
github.com/umatare5/cisco-ios-xe-wireless-go/internal/core/request.go:24.97,25.14 1 5
github.com/umatare5/cisco-ios-xe-wireless-go/internal/core/request.go:25.14,27.3 1 1
github.com/umatare5/cisco-ios-xe-wireless-go/internal/core/request.go:29.2,32.16 3 4
github.com/umatare5/cisco-ios-xe-wireless-go/internal/core/request.go:32.16,34.3 1 0
github.com/umatare5/cisco-ios-xe-wireless-go/internal/core/request.go:36.2,36.20 1 4
github.com/umatare5/cisco-ios-xe-wireless-go/internal/core/request.go:36.20,39.3 2 1
github.com/umatare5/cisco-ios-xe-wireless-go/internal/core/request.go:41.2,41.41 1 3
github.com/umatare5/cisco-ios-xe-wireless-go/internal/core/request.go:51.97,52.14 1 7
github.com/umatare5/cisco-ios-xe-wireless-go/internal/core/request.go:52.14,54.3 1 1
github.com/umatare5/cisco-ios-xe-wireless-go/internal/core/request.go:56.2,56.67 1 6
github.com/umatare5/cisco-ios-xe-wireless-go/internal/core/request.go:75.100,77.16 2 0
github.com/umatare5/cisco-ios-xe-wireless-go/internal/core/request.go:77.16,79.3 1 0
github.com/umatare5/cisco-ios-xe-wireless-go/internal/core/request.go:81.2,81.53 1 0
github.com/umatare5/cisco-ios-xe-wireless-go/internal/core/request.go:90.98,92.16 2 0
github.com/umatare5/cisco-ios-xe-wireless-go/internal/core/request.go:92.16,94.3 1 0
github.com/umatare5/cisco-ios-xe-wireless-go/internal/core/request.go:96.2,96.40 1 0
github.com/umatare5/cisco-ios-xe-wireless-go/internal/core/request.go:107.99,108.60 1 0
github.com/umatare5/cisco-ios-xe-wireless-go/internal/core/request.go:108.60,110.17 2 0
github.com/umatare5/cisco-ios-xe-wireless-go/internal/core/request.go:110.17,112.4 1 0
github.com/umatare5/cisco-ios-xe-wireless-go/internal/core/request.go:114.3,114.34 1 0
github.com/umatare5/cisco-ios-xe-wireless-go/internal/core/request.go:117.2,117.47 1 0
github.com/umatare5/cisco-ios-xe-wireless-go/internal/core/request.go:126.80,127.14 1 0
github.com/umatare5/cisco-ios-xe-wireless-go/internal/core/request.go:127.14,129.3 1 0
github.com/umatare5/cisco-ios-xe-wireless-go/internal/core/request.go:130.2,130.18 1 0
github.com/umatare5/cisco-ios-xe-wireless-go/internal/core/request.go:130.18,132.3 1 0
github.com/umatare5/cisco-ios-xe-wireless-go/internal/core/request.go:134.2,134.32 1 0
github.com/umatare5/cisco-ios-xe-wireless-go/internal/core/request.go:135.11,136.18 1 0
github.com/umatare5/cisco-ios-xe-wireless-go/internal/core/request.go:137.14,138.30 1 0
github.com/umatare5/cisco-ios-xe-wireless-go/internal/core/request.go:139.23,140.30 1 0
github.com/umatare5/cisco-ios-xe-wireless-go/internal/core/request.go:143.2,143.21 1 0
github.com/umatare5/cisco-ios-xe-wireless-go/internal/core/request.go:147.47,148.20 1 0
github.com/umatare5/cisco-ios-xe-wireless-go/internal/core/request.go:148.20,150.3 1 0
github.com/umatare5/cisco-ios-xe-wireless-go/internal/core/request.go:151.2,151.23 1 0
github.com/umatare5/cisco-ios-xe-wireless-go/internal/core/request.go:151.23,153.3 1 0
github.com/umatare5/cisco-ios-xe-wireless-go/internal/core/request.go:155.2,155.35 1 0
github.com/umatare5/cisco-ios-xe-wireless-go/internal/core/request.go:162.45,164.20 2 7
github.com/umatare5/cisco-ios-xe-wireless-go/internal/core/request.go:164.20,166.3 1 1
github.com/umatare5/cisco-ios-xe-wireless-go/internal/core/request.go:168.2,168.51 1 6
github.com/umatare5/cisco-ios-xe-wireless-go/internal/core/request.go:168.51,170.3 1 3
github.com/umatare5/cisco-ios-xe-wireless-go/internal/core/request.go:172.2,172.18 1 3
github.com/umatare5/cisco-ios-xe-wireless-go/internal/core/request.go:176.92,177.14 1 4
github.com/umatare5/cisco-ios-xe-wireless-go/internal/core/request.go:177.14,179.3 1 1
github.com/umatare5/cisco-ios-xe-wireless-go/internal/core/request.go:181.2,182.16 2 3
github.com/umatare5/cisco-ios-xe-wireless-go/internal/core/request.go:182.16,184.3 1 0
github.com/umatare5/cisco-ios-xe-wireless-go/internal/core/request.go:186.2,186.24 1 3
github.com/umatare5/cisco-ios-xe-wireless-go/internal/core/request.go:190.83,191.14 1 5
github.com/umatare5/cisco-ios-xe-wireless-go/internal/core/request.go:191.14,193.3 1 2
github.com/umatare5/cisco-ios-xe-wireless-go/internal/core/request.go:194.2,195.12 2 3
github.com/umatare5/cisco-ios-xe-wireless-go/internal/core/request.go:199.89,200.14 1 2
github.com/umatare5/cisco-ios-xe-wireless-go/internal/core/request.go:200.14,202.3 1 1
github.com/umatare5/cisco-ios-xe-wireless-go/internal/core/request.go:203.2,204.12 2 1
github.com/umatare5/cisco-ios-xe-wireless-go/internal/core/request.go:208.91,209.14 1 3
github.com/umatare5/cisco-ios-xe-wireless-go/internal/core/request.go:209.14,211.3 1 1
github.com/umatare5/cisco-ios-xe-wireless-go/internal/core/request.go:213.2,214.16 2 2
github.com/umatare5/cisco-ios-xe-wireless-go/internal/core/request.go:214.16,216.3 1 0
github.com/umatare5/cisco-ios-xe-wireless-go/internal/core/request.go:218.2,218.24 1 2
github.com/umatare5/cisco-ios-xe-wireless-go/internal/core/request.go:222.82,223.14 1 2
github.com/umatare5/cisco-ios-xe-wireless-go/internal/core/request.go:223.14,225.3 1 1
github.com/umatare5/cisco-ios-xe-wireless-go/internal/core/request.go:226.2,227.12 2 1
github.com/umatare5/cisco-ios-xe-wireless-go/internal/core/request.go:231.93,232.14 1 3
github.com/umatare5/cisco-ios-xe-wireless-go/internal/core/request.go:232.14,234.3 1 1
github.com/umatare5/cisco-ios-xe-wireless-go/internal/core/request.go:236.2,237.16 2 2
github.com/umatare5/cisco-ios-xe-wireless-go/internal/core/request.go:237.16,239.3 1 0
github.com/umatare5/cisco-ios-xe-wireless-go/internal/core/request.go:241.2,241.24 1 2
github.com/umatare5/cisco-ios-xe-wireless-go/internal/core/request.go:245.84,246.14 1 2
github.com/umatare5/cisco-ios-xe-wireless-go/internal/core/request.go:246.14,248.3 1 1
github.com/umatare5/cisco-ios-xe-wireless-go/internal/core/request.go:249.2,250.12 2 1
github.com/umatare5/cisco-ios-xe-wireless-go/internal/core/request.go:254.68,255.14 1 2
github.com/umatare5/cisco-ios-xe-wireless-go/internal/core/request.go:255.14,257.3 1 1
github.com/umatare5/cisco-ios-xe-wireless-go/internal/core/request.go:258.2,259.12 2 1
github.com/umatare5/cisco-ios-xe-wireless-go/internal/core/wireless.go:64.61,65.19 1 6
github.com/umatare5/cisco-ios-xe-wireless-go/internal/core/wireless.go:66.26,70.9 1 1
github.com/umatare5/cisco-ios-xe-wireless-go/internal/core/wireless.go:71.25,75.9 1 1
github.com/umatare5/cisco-ios-xe-wireless-go/internal/core/wireless.go:76.25,80.9 1 1
github.com/umatare5/cisco-ios-xe-wireless-go/internal/core/wireless.go:81.10,84.55 1 3
github.com/umatare5/cisco-ios-xe-wireless-go/internal/core/wireless.go:89.45,90.13 1 2
github.com/umatare5/cisco-ios-xe-wireless-go/internal/core/wireless.go:90.13,92.3 1 1
github.com/umatare5/cisco-ios-xe-wireless-go/internal/core/wireless.go:93.2,93.27 1 1
github.com/umatare5/cisco-ios-xe-wireless-go/pkg/testutil/context.go:12.48,16.2 3 1
github.com/umatare5/cisco-ios-xe-wireless-go/pkg/testutil/context.go:19.82,23.2 3 1
github.com/umatare5/cisco-ios-xe-wireless-go/pkg/testutil/mock.go:34.77,35.75 1 7
github.com/umatare5/cisco-ios-xe-wireless-go/pkg/testutil/mock.go:35.75,40.36 4 3
github.com/umatare5/cisco-ios-xe-wireless-go/pkg/testutil/mock.go:40.36,44.4 3 2
github.com/umatare5/cisco-ios-xe-wireless-go/pkg/testutil/mock.go:45.3,45.22 1 1
github.com/umatare5/cisco-ios-xe-wireless-go/pkg/testutil/mock.go:47.2,47.39 1 7
github.com/umatare5/cisco-ios-xe-wireless-go/pkg/testutil/mock.go:54.74,55.75 1 3
github.com/umatare5/cisco-ios-xe-wireless-go/pkg/testutil/mock.go:55.75,61.27 4 1
github.com/umatare5/cisco-ios-xe-wireless-go/pkg/testutil/mock.go:61.27,62.15 1 1
github.com/umatare5/cisco-ios-xe-wireless-go/pkg/testutil/mock.go:62.15,65.5 2 1
github.com/umatare5/cisco-ios-xe-wireless-go/pkg/testutil/mock.go:67.3,67.22 1 0
github.com/umatare5/cisco-ios-xe-wireless-go/pkg/testutil/mock.go:69.2,69.39 1 3
github.com/umatare5/cisco-ios-xe-wireless-go/pkg/testutil/mock.go:73.54,80.44 3 12
github.com/umatare5/cisco-ios-xe-wireless-go/pkg/testutil/mock.go:80.44,84.3 3 30
github.com/umatare5/cisco-ios-xe-wireless-go/pkg/testutil/mock.go:86.2,86.72 1 12
github.com/umatare5/cisco-ios-xe-wireless-go/pkg/testutil/mock.go:86.72,88.17 2 27
github.com/umatare5/cisco-ios-xe-wireless-go/pkg/testutil/mock.go:88.17,90.4 1 27
github.com/umatare5/cisco-ios-xe-wireless-go/pkg/testutil/mock.go:93.2,93.75 1 12
github.com/umatare5/cisco-ios-xe-wireless-go/pkg/testutil/mock.go:93.75,96.88 2 30
github.com/umatare5/cisco-ios-xe-wireless-go/pkg/testutil/mock.go:96.88,100.4 3 27
github.com/umatare5/cisco-ios-xe-wireless-go/pkg/testutil/mock.go:102.3,102.22 1 3
github.com/umatare5/cisco-ios-xe-wireless-go/pkg/testutil/mock.go:105.2,106.15 2 12
github.com/umatare5/cisco-ios-xe-wireless-go/pkg/testutil/mock.go:114.94,118.23 3 33
github.com/umatare5/cisco-ios-xe-wireless-go/pkg/testutil/mock.go:118.23,120.3 1 8
github.com/umatare5/cisco-ios-xe-wireless-go/pkg/testutil/mock.go:121.2,121.31 1 33
github.com/umatare5/cisco-ios-xe-wireless-go/pkg/testutil/mock.go:121.31,123.3 1 9
github.com/umatare5/cisco-ios-xe-wireless-go/pkg/testutil/mock.go:124.2,124.42 1 33
github.com/umatare5/cisco-ios-xe-wireless-go/pkg/testutil/mock.go:129.79,134.9 4 30
github.com/umatare5/cisco-ios-xe-wireless-go/pkg/testutil/mock.go:134.9,136.3 1 2
github.com/umatare5/cisco-ios-xe-wireless-go/pkg/testutil/mock.go:137.2,137.42 1 28
github.com/umatare5/cisco-ios-xe-wireless-go/pkg/testutil/mock.go:144.100,148.50 3 28
github.com/umatare5/cisco-ios-xe-wireless-go/pkg/testutil/mock.go:148.50,149.72 1 580
github.com/umatare5/cisco-ios-xe-wireless-go/pkg/testutil/mock.go:149.72,151.4 1 27
github.com/umatare5/cisco-ios-xe-wireless-go/pkg/testutil/mock.go:154.2,154.14 1 28
github.com/umatare5/cisco-ios-xe-wireless-go/pkg/testutil/mock.go:159.50,167.2 3 30
github.com/umatare5/cisco-ios-xe-wireless-go/pkg/testutil/mock.go:170.55,174.2 3 5
github.com/umatare5/cisco-ios-xe-wireless-go/pkg/testutil/testing.go:53.46,55.2 1 4
github.com/umatare5/cisco-ios-xe-wireless-go/pkg/testutil/testing.go:63.40,65.2 1 13
github.com/umatare5/cisco-ios-xe-wireless-go/pkg/testutil/testing.go:68.35,70.2 1 11
github.com/umatare5/cisco-ios-xe-wireless-go/pkg/testutil/testing.go:73.62,74.37 1 2
github.com/umatare5/cisco-ios-xe-wireless-go/pkg/testutil/testing.go:74.37,75.30 1 2
github.com/umatare5/cisco-ios-xe-wireless-go/pkg/testutil/testing.go:75.30,77.4 1 2
github.com/umatare5/cisco-ios-xe-wireless-go/pkg/testutil/testing.go:78.3,78.32 1 2
github.com/umatare5/cisco-ios-xe-wireless-go/pkg/testutil/testing.go:83.73,84.37 1 5
github.com/umatare5/cisco-ios-xe-wireless-go/pkg/testutil/testing.go:84.37,85.30 1 5
github.com/umatare5/cisco-ios-xe-wireless-go/pkg/testutil/testing.go:85.30,87.4 1 5
github.com/umatare5/cisco-ios-xe-wireless-go/pkg/testutil/testing.go:88.3,88.37 1 5
github.com/umatare5/cisco-ios-xe-wireless-go/pkg/testutil/testing.go:88.37,90.4 1 5
github.com/umatare5/cisco-ios-xe-wireless-go/pkg/testutil/testing.go:95.70,96.37 1 1
github.com/umatare5/cisco-ios-xe-wireless-go/pkg/testutil/testing.go:96.37,97.28 1 1
github.com/umatare5/cisco-ios-xe-wireless-go/pkg/testutil/testing.go:97.28,99.4 1 1
github.com/umatare5/cisco-ios-xe-wireless-go/pkg/testutil/testing.go:100.3,100.36 1 1
github.com/umatare5/cisco-ios-xe-wireless-go/pkg/testutil/testing.go:105.74,106.37 1 2
github.com/umatare5/cisco-ios-xe-wireless-go/pkg/testutil/testing.go:106.37,107.28 1 2
github.com/umatare5/cisco-ios-xe-wireless-go/pkg/testutil/testing.go:107.28,109.4 1 2
github.com/umatare5/cisco-ios-xe-wireless-go/pkg/testutil/testing.go:110.3,110.30 1 2
github.com/umatare5/cisco-ios-xe-wireless-go/pkg/testutil/testing.go:110.30,112.4 1 2
github.com/umatare5/cisco-ios-xe-wireless-go/pkg/testutil/testing.go:117.78,118.37 1 3
github.com/umatare5/cisco-ios-xe-wireless-go/pkg/testutil/testing.go:118.37,119.33 1 3
github.com/umatare5/cisco-ios-xe-wireless-go/pkg/testutil/testing.go:119.33,121.4 1 3
github.com/umatare5/cisco-ios-xe-wireless-go/pkg/testutil/testing.go:122.3,122.37 1 3
github.com/umatare5/cisco-ios-xe-wireless-go/pkg/testutil/testing.go:127.49,128.37 1 3
github.com/umatare5/cisco-ios-xe-wireless-go/pkg/testutil/testing.go:128.37,130.3 1 3
github.com/umatare5/cisco-ios-xe-wireless-go/pkg/testutil/testing.go:137.50,139.16 2 6
github.com/umatare5/cisco-ios-xe-wireless-go/pkg/testutil/testing.go:139.16,140.64 1 1
github.com/umatare5/cisco-ios-xe-wireless-go/pkg/testutil/testing.go:143.2,144.16 2 5
github.com/umatare5/cisco-ios-xe-wireless-go/pkg/testutil/testing.go:144.16,145.66 1 0
github.com/umatare5/cisco-ios-xe-wireless-go/pkg/testutil/testing.go:148.2,148.40 1 5
github.com/umatare5/cisco-ios-xe-wireless-go/pkg/testutil/testing.go:153.64,155.2 1 1
github.com/umatare5/cisco-ios-xe-wireless-go/pkg/testutil/testing.go:174.57,176.27 2 11
github.com/umatare5/cisco-ios-xe-wireless-go/pkg/testutil/testing.go:176.27,178.3 1 16
github.com/umatare5/cisco-ios-xe-wireless-go/pkg/testutil/testing.go:181.2,181.56 1 11
github.com/umatare5/cisco-ios-xe-wireless-go/pkg/testutil/testing.go:181.56,183.3 1 4
github.com/umatare5/cisco-ios-xe-wireless-go/pkg/testutil/testing.go:186.2,186.59 1 7
github.com/umatare5/cisco-ios-xe-wireless-go/pkg/testutil/testing.go:186.59,189.3 2 5
github.com/umatare5/cisco-ios-xe-wireless-go/pkg/testutil/testing.go:192.2,192.59 1 2
github.com/umatare5/cisco-ios-xe-wireless-go/pkg/testutil/testing.go:192.59,196.44 3 2
github.com/umatare5/cisco-ios-xe-wireless-go/pkg/testutil/testing.go:196.44,198.23 2 2
github.com/umatare5/cisco-ios-xe-wireless-go/pkg/testutil/testing.go:198.23,200.5 1 2
github.com/umatare5/cisco-ios-xe-wireless-go/pkg/testutil/testing.go:202.3,203.41 2 2
github.com/umatare5/cisco-ios-xe-wireless-go/pkg/testutil/testing.go:207.2,207.35 1 0
github.com/umatare5/cisco-ios-xe-wireless-go/pkg/testutil/testing.go:211.62,213.14 2 4
github.com/umatare5/cisco-ios-xe-wireless-go/pkg/testutil/testing.go:213.14,216.3 1 1
github.com/umatare5/cisco-ios-xe-wireless-go/pkg/testutil/testing.go:218.2,221.43 2 4
github.com/umatare5/cisco-ios-xe-wireless-go/pkg/testutil/testing.go:221.43,222.55 1 2
github.com/umatare5/cisco-ios-xe-wireless-go/pkg/testutil/testing.go:222.55,224.4 1 0
github.com/umatare5/cisco-ios-xe-wireless-go/pkg/testutil/testing.go:228.2,228.47 1 4
github.com/umatare5/cisco-ios-xe-wireless-go/pkg/testutil/testing.go:228.47,229.55 1 1
github.com/umatare5/cisco-ios-xe-wireless-go/pkg/testutil/testing.go:229.55,231.4 1 0
github.com/umatare5/cisco-ios-xe-wireless-go/pkg/testutil/testing.go:235.2,235.48 1 4
github.com/umatare5/cisco-ios-xe-wireless-go/pkg/testutil/testing.go:235.48,237.19 2 3
github.com/umatare5/cisco-ios-xe-wireless-go/pkg/testutil/testing.go:237.19,239.4 1 0
github.com/umatare5/cisco-ios-xe-wireless-go/pkg/testutil/testing.go:240.3,240.56 1 3
github.com/umatare5/cisco-ios-xe-wireless-go/pkg/testutil/testing.go:240.56,242.4 1 0
github.com/umatare5/cisco-ios-xe-wireless-go/pkg/testutil/testing.go:245.2,245.47 1 4
github.com/umatare5/cisco-ios-xe-wireless-go/service/afc/service.go:17.46,19.2 1 6
github.com/umatare5/cisco-ios-xe-wireless-go/service/afc/service.go:22.114,24.2 1 2
github.com/umatare5/cisco-ios-xe-wireless-go/service/afc/service.go:30.52,32.2 1 3
github.com/umatare5/cisco-ios-xe-wireless-go/service/afc/service.go:38.51,40.2 1 3
github.com/umatare5/cisco-ios-xe-wireless-go/service/afc/service.go:43.117,45.2 1 2
github.com/umatare5/cisco-ios-xe-wireless-go/service/afc/service.go:51.57,53.2 1 2
github.com/umatare5/cisco-ios-xe-wireless-go/service/ap/service.go:23.46,25.2 1 20
github.com/umatare5/cisco-ios-xe-wireless-go/service/ap/service.go:28.107,30.2 1 2
github.com/umatare5/cisco-ios-xe-wireless-go/service/ap/service.go:33.118,35.2 1 1
github.com/umatare5/cisco-ios-xe-wireless-go/service/ap/service.go:42.42,43.59 1 2
github.com/umatare5/cisco-ios-xe-wireless-go/service/ap/service.go:43.59,45.3 1 1
github.com/umatare5/cisco-ios-xe-wireless-go/service/ap/service.go:46.2,47.16 2 1
github.com/umatare5/cisco-ios-xe-wireless-go/service/ap/service.go:47.16,49.3 1 0
github.com/umatare5/cisco-ios-xe-wireless-go/service/ap/service.go:52.2,53.78 2 1
github.com/umatare5/cisco-ios-xe-wireless-go/service/ap/service.go:60.61,67.2 1 1
github.com/umatare5/cisco-ios-xe-wireless-go/service/ap/service.go:73.44,75.2 1 1
github.com/umatare5/cisco-ios-xe-wireless-go/service/ap/service.go:81.55,83.2 1 1
github.com/umatare5/cisco-ios-xe-wireless-go/service/ap/service.go:89.53,91.16 2 2
github.com/umatare5/cisco-ios-xe-wireless-go/service/ap/service.go:91.16,93.3 1 2
github.com/umatare5/cisco-ios-xe-wireless-go/service/ap/service.go:95.2,96.89 2 0
github.com/umatare5/cisco-ios-xe-wireless-go/service/ap/service.go:102.55,103.15 1 2
github.com/umatare5/cisco-ios-xe-wireless-go/service/ap/service.go:103.15,105.3 1 1
github.com/umatare5/cisco-ios-xe-wireless-go/service/ap/service.go:106.2,106.34 1 1
github.com/umatare5/cisco-ios-xe-wireless-go/service/ap/service.go:106.34,108.3 1 1
github.com/umatare5/cisco-ios-xe-wireless-go/service/ap/service.go:110.2,111.16 2 0
github.com/umatare5/cisco-ios-xe-wireless-go/service/ap/service.go:111.16,113.3 1 0
github.com/umatare5/cisco-ios-xe-wireless-go/service/ap/service.go:116.2,120.91 2 0
github.com/umatare5/cisco-ios-xe-wireless-go/service/ap/service.go:127.59,128.17 1 2
github.com/umatare5/cisco-ios-xe-wireless-go/service/ap/service.go:128.17,130.3 1 2
github.com/umatare5/cisco-ios-xe-wireless-go/service/ap/service.go:131.2,135.95 2 0
github.com/umatare5/cisco-ios-xe-wireless-go/service/ap/service.go:142.53,144.2 1 1
github.com/umatare5/cisco-ios-xe-wireless-go/service/ap/service.go:150.55,152.2 1 3
github.com/umatare5/cisco-ios-xe-wireless-go/service/ap/service.go:157.59,164.2 1 1
github.com/umatare5/cisco-ios-xe-wireless-go/service/ap/service.go:167.113,169.2 1 1
github.com/umatare5/cisco-ios-xe-wireless-go/service/ap/service.go:172.117,174.2 1 1
github.com/umatare5/cisco-ios-xe-wireless-go/service/ap/service.go:180.48,182.2 1 8
github.com/umatare5/cisco-ios-xe-wireless-go/service/ap/service.go:188.48,190.16 2 1
github.com/umatare5/cisco-ios-xe-wireless-go/service/ap/service.go:190.16,192.3 1 1
github.com/umatare5/cisco-ios-xe-wireless-go/service/ap/service.go:194.2,195.84 2 0
github.com/umatare5/cisco-ios-xe-wireless-go/service/ap/service.go:202.50,204.2 1 1
github.com/umatare5/cisco-ios-xe-wireless-go/service/ap/service.go:210.50,211.19 1 2
github.com/umatare5/cisco-ios-xe-wireless-go/service/ap/service.go:211.19,213.3 1 1
github.com/umatare5/cisco-ios-xe-wireless-go/service/ap/service.go:214.2,214.38 1 1
github.com/umatare5/cisco-ios-xe-wireless-go/service/ap/service.go:214.38,216.3 1 1
github.com/umatare5/cisco-ios-xe-wireless-go/service/ap/service.go:218.2,219.86 2 0
github.com/umatare5/cisco-ios-xe-wireless-go/service/ap/service.go:226.51,228.2 1 3
github.com/umatare5/cisco-ios-xe-wireless-go/service/ap/service.go:233.51,235.16 2 2
github.com/umatare5/cisco-ios-xe-wireless-go/service/ap/service.go:235.16,237.3 1 2
github.com/umatare5/cisco-ios-xe-wireless-go/service/ap/service.go:239.2,240.87 2 0
github.com/umatare5/cisco-ios-xe-wireless-go/service/ap/service.go:247.53,249.2 1 1
github.com/umatare5/cisco-ios-xe-wireless-go/service/ap/service.go:255.53,257.16 2 3
github.com/umatare5/cisco-ios-xe-wireless-go/service/ap/service.go:257.16,259.3 1 2
github.com/umatare5/cisco-ios-xe-wireless-go/service/ap/service.go:260.2,261.16 2 1
github.com/umatare5/cisco-ios-xe-wireless-go/service/ap/service.go:261.16,263.3 1 1
github.com/umatare5/cisco-ios-xe-wireless-go/service/ap/service.go:265.2,271.89 2 0
github.com/umatare5/cisco-ios-xe-wireless-go/service/ap/service.go:277.59,284.2 1 1
github.com/umatare5/cisco-ios-xe-wireless-go/service/ap/service.go:289.60,296.2 1 1
github.com/umatare5/cisco-ios-xe-wireless-go/service/ap/service.go:302.47,304.2 1 1
github.com/umatare5/cisco-ios-xe-wireless-go/service/ap/service.go:310.52,312.2 1 1
github.com/umatare5/cisco-ios-xe-wireless-go/service/ap/service.go:318.48,320.2 1 1
github.com/umatare5/cisco-ios-xe-wireless-go/service/ap/service.go:326.49,328.2 1 1
github.com/umatare5/cisco-ios-xe-wireless-go/service/ap/service.go:334.53,336.2 1 2
github.com/umatare5/cisco-ios-xe-wireless-go/service/ap/service.go:341.53,342.51 1 3
github.com/umatare5/cisco-ios-xe-wireless-go/service/ap/service.go:342.51,344.3 1 1
github.com/umatare5/cisco-ios-xe-wireless-go/service/ap/service.go:346.2,346.61 1 2
github.com/umatare5/cisco-ios-xe-wireless-go/service/ap/service.go:346.61,348.3 1 1
github.com/umatare5/cisco-ios-xe-wireless-go/service/ap/service.go:350.2,351.16 2 1
github.com/umatare5/cisco-ios-xe-wireless-go/service/ap/service.go:351.16,353.3 1 0
github.com/umatare5/cisco-ios-xe-wireless-go/service/ap/service.go:355.2,360.89 2 1
github.com/umatare5/cisco-ios-xe-wireless-go/service/ap/service.go:367.51,369.2 1 2
github.com/umatare5/cisco-ios-xe-wireless-go/service/ap/service.go:374.51,375.59 1 3
github.com/umatare5/cisco-ios-xe-wireless-go/service/ap/service.go:375.59,377.3 1 1
github.com/umatare5/cisco-ios-xe-wireless-go/service/ap/service.go:379.2,379.65 1 2
github.com/umatare5/cisco-ios-xe-wireless-go/service/ap/service.go:379.65,381.3 1 1
github.com/umatare5/cisco-ios-xe-wireless-go/service/ap/service.go:383.2,384.16 2 1
github.com/umatare5/cisco-ios-xe-wireless-go/service/ap/service.go:384.16,386.3 1 0
github.com/umatare5/cisco-ios-xe-wireless-go/service/ap/service.go:388.2,389.87 2 1
github.com/umatare5/cisco-ios-xe-wireless-go/service/ap/service.go:396.54,398.2 1 2
github.com/umatare5/cisco-ios-xe-wireless-go/service/ap/service.go:406.54,407.53 1 2
github.com/umatare5/cisco-ios-xe-wireless-go/service/ap/service.go:407.53,409.3 1 1
github.com/umatare5/cisco-ios-xe-wireless-go/service/ap/service.go:411.2,411.62 1 1
github.com/umatare5/cisco-ios-xe-wireless-go/service/ap/service.go:411.62,413.3 1 0
github.com/umatare5/cisco-ios-xe-wireless-go/service/ap/service.go:415.2,416.16 2 1
github.com/umatare5/cisco-ios-xe-wireless-go/service/ap/service.go:416.16,418.3 1 0
github.com/umatare5/cisco-ios-xe-wireless-go/service/ap/service.go:420.2,426.90 2 1
github.com/umatare5/cisco-ios-xe-wireless-go/service/ap/service.go:433.58,440.2 1 2
github.com/umatare5/cisco-ios-xe-wireless-go/service/ap/service.go:445.58,446.63 1 2
github.com/umatare5/cisco-ios-xe-wireless-go/service/ap/service.go:446.63,448.3 1 1
github.com/umatare5/cisco-ios-xe-wireless-go/service/ap/service.go:450.2,450.67 1 1
github.com/umatare5/cisco-ios-xe-wireless-go/service/ap/service.go:450.67,452.3 1 0
github.com/umatare5/cisco-ios-xe-wireless-go/service/ap/service.go:454.2,455.16 2 1
github.com/umatare5/cisco-ios-xe-wireless-go/service/ap/service.go:455.16,457.3 1 0
github.com/umatare5/cisco-ios-xe-wireless-go/service/ap/service.go:459.2,460.94 2 1
github.com/umatare5/cisco-ios-xe-wireless-go/service/ap/service.go:467.52,469.2 1 2
github.com/umatare5/cisco-ios-xe-wireless-go/service/ap/service.go:476.52,477.53 1 2
github.com/umatare5/cisco-ios-xe-wireless-go/service/ap/service.go:477.53,479.3 1 1
github.com/umatare5/cisco-ios-xe-wireless-go/service/ap/service.go:481.2,481.62 1 1
github.com/umatare5/cisco-ios-xe-wireless-go/service/ap/service.go:481.62,483.3 1 0
github.com/umatare5/cisco-ios-xe-wireless-go/service/ap/service.go:485.2,486.16 2 1
github.com/umatare5/cisco-ios-xe-wireless-go/service/ap/service.go:486.16,488.3 1 0
github.com/umatare5/cisco-ios-xe-wireless-go/service/ap/service.go:490.2,495.88 2 1
github.com/umatare5/cisco-ios-xe-wireless-go/service/ap/service.go:502.53,504.2 1 2
github.com/umatare5/cisco-ios-xe-wireless-go/service/ap/service.go:511.53,512.53 1 3
github.com/umatare5/cisco-ios-xe-wireless-go/service/ap/service.go:512.53,514.3 1 1
github.com/umatare5/cisco-ios-xe-wireless-go/service/ap/service.go:515.2,515.63 1 2
github.com/umatare5/cisco-ios-xe-wireless-go/service/ap/service.go:515.63,517.3 1 1
github.com/umatare5/cisco-ios-xe-wireless-go/service/ap/service.go:519.2,519.62 1 1
github.com/umatare5/cisco-ios-xe-wireless-go/service/ap/service.go:519.62,521.3 1 0
github.com/umatare5/cisco-ios-xe-wireless-go/service/ap/service.go:523.2,524.16 2 1
github.com/umatare5/cisco-ios-xe-wireless-go/service/ap/service.go:524.16,526.3 1 0
github.com/umatare5/cisco-ios-xe-wireless-go/service/ap/service.go:528.2,533.89 2 1
github.com/umatare5/cisco-ios-xe-wireless-go/service/ap/service.go:540.51,542.2 1 2
github.com/umatare5/cisco-ios-xe-wireless-go/service/ap/service.go:548.51,550.2 1 2
github.com/umatare5/cisco-ios-xe-wireless-go/service/ap/service.go:555.51,556.53 1 2
github.com/umatare5/cisco-ios-xe-wireless-go/service/ap/service.go:556.53,558.3 1 1
github.com/umatare5/cisco-ios-xe-wireless-go/service/ap/service.go:560.2,560.62 1 1
github.com/umatare5/cisco-ios-xe-wireless-go/service/ap/service.go:560.62,562.3 1 0
github.com/umatare5/cisco-ios-xe-wireless-go/service/ap/service.go:564.2,565.16 2 1
github.com/umatare5/cisco-ios-xe-wireless-go/service/ap/service.go:565.16,567.3 1 0
github.com/umatare5/cisco-ios-xe-wireless-go/service/ap/service.go:569.2,570.87 2 1
github.com/umatare5/cisco-ios-xe-wireless-go/service/ap/service.go:577.52,579.2 1 2
github.com/umatare5/cisco-ios-xe-wireless-go/service/ap/service.go:582.119,584.2 1 2
github.com/umatare5/cisco-ios-xe-wireless-go/service/ap/service.go:589.46,590.53 1 2
github.com/umatare5/cisco-ios-xe-wireless-go/service/ap/service.go:590.53,592.3 1 1
github.com/umatare5/cisco-ios-xe-wireless-go/service/ap/service.go:594.2,594.62 1 1
github.com/umatare5/cisco-ios-xe-wireless-go/service/ap/service.go:594.62,596.3 1 0
github.com/umatare5/cisco-ios-xe-wireless-go/service/ap/service.go:598.2,599.16 2 1
github.com/umatare5/cisco-ios-xe-wireless-go/service/ap/service.go:599.16,601.3 1 0
github.com/umatare5/cisco-ios-xe-wireless-go/service/ap/service.go:603.2,608.82 2 1
github.com/umatare5/cisco-ios-xe-wireless-go/service/ap/service.go:615.61,621.2 1 2
github.com/umatare5/cisco-ios-xe-wireless-go/service/ap/service.go:627.50,629.2 1 2
github.com/umatare5/cisco-ios-xe-wireless-go/service/ap/service.go:634.50,635.53 1 2
github.com/umatare5/cisco-ios-xe-wireless-go/service/ap/service.go:635.53,637.3 1 1
github.com/umatare5/cisco-ios-xe-wireless-go/service/ap/service.go:639.2,639.62 1 1
github.com/umatare5/cisco-ios-xe-wireless-go/service/ap/service.go:639.62,641.3 1 0
github.com/umatare5/cisco-ios-xe-wireless-go/service/ap/service.go:643.2,644.16 2 1
github.com/umatare5/cisco-ios-xe-wireless-go/service/ap/service.go:644.16,646.3 1 0
github.com/umatare5/cisco-ios-xe-wireless-go/service/ap/service.go:648.2,649.86 2 1
github.com/umatare5/cisco-ios-xe-wireless-go/service/ap/service.go:656.47,658.2 1 2
github.com/umatare5/cisco-ios-xe-wireless-go/service/ap/service.go:663.47,664.53 1 2
github.com/umatare5/cisco-ios-xe-wireless-go/service/ap/service.go:664.53,666.3 1 1
github.com/umatare5/cisco-ios-xe-wireless-go/service/ap/service.go:668.2,668.62 1 1
github.com/umatare5/cisco-ios-xe-wireless-go/service/ap/service.go:668.62,670.3 1 0
github.com/umatare5/cisco-ios-xe-wireless-go/service/ap/service.go:672.2,673.16 2 1
github.com/umatare5/cisco-ios-xe-wireless-go/service/ap/service.go:673.16,675.3 1 0
github.com/umatare5/cisco-ios-xe-wireless-go/service/ap/service.go:677.2,678.83 2 1
github.com/umatare5/cisco-ios-xe-wireless-go/service/ap/service.go:685.48,687.2 1 2
github.com/umatare5/cisco-ios-xe-wireless-go/service/ap/service.go:690.119,692.2 1 2
github.com/umatare5/cisco-ios-xe-wireless-go/service/ap/service.go:697.46,698.53 1 2
github.com/umatare5/cisco-ios-xe-wireless-go/service/ap/service.go:698.53,700.3 1 1
github.com/umatare5/cisco-ios-xe-wireless-go/service/ap/service.go:702.2,702.62 1 1
github.com/umatare5/cisco-ios-xe-wireless-go/service/ap/service.go:702.62,704.3 1 0
github.com/umatare5/cisco-ios-xe-wireless-go/service/ap/service.go:706.2,707.16 2 1
github.com/umatare5/cisco-ios-xe-wireless-go/service/ap/service.go:707.16,709.3 1 0
github.com/umatare5/cisco-ios-xe-wireless-go/service/ap/service.go:711.2,712.82 2 1
github.com/umatare5/cisco-ios-xe-wireless-go/service/ap/service.go:719.49,721.2 1 2
github.com/umatare5/cisco-ios-xe-wireless-go/service/ap/service.go:726.49,727.53 1 2
github.com/umatare5/cisco-ios-xe-wireless-go/service/ap/service.go:727.53,729.3 1 1
github.com/umatare5/cisco-ios-xe-wireless-go/service/ap/service.go:731.2,731.62 1 1
github.com/umatare5/cisco-ios-xe-wireless-go/service/ap/service.go:731.62,733.3 1 0
github.com/umatare5/cisco-ios-xe-wireless-go/service/ap/service.go:735.2,736.16 2 1
github.com/umatare5/cisco-ios-xe-wireless-go/service/ap/service.go:736.16,738.3 1 0
github.com/umatare5/cisco-ios-xe-wireless-go/service/ap/service.go:740.2,745.85 2 1
github.com/umatare5/cisco-ios-xe-wireless-go/service/ap/service.go:752.53,754.2 1 2
github.com/umatare5/cisco-ios-xe-wireless-go/service/ap/service.go:759.53,760.53 1 2
github.com/umatare5/cisco-ios-xe-wireless-go/service/ap/service.go:760.53,762.3 1 1
github.com/umatare5/cisco-ios-xe-wireless-go/service/ap/service.go:764.2,764.62 1 1
github.com/umatare5/cisco-ios-xe-wireless-go/service/ap/service.go:764.62,766.3 1 0
github.com/umatare5/cisco-ios-xe-wireless-go/service/ap/service.go:768.2,769.16 2 1
github.com/umatare5/cisco-ios-xe-wireless-go/service/ap/service.go:769.16,771.3 1 0
github.com/umatare5/cisco-ios-xe-wireless-go/service/ap/service.go:773.2,778.89 2 1
github.com/umatare5/cisco-ios-xe-wireless-go/service/ap/service.go:785.52,787.2 1 2
github.com/umatare5/cisco-ios-xe-wireless-go/service/ap/service.go:790.66,792.2 1 3
github.com/umatare5/cisco-ios-xe-wireless-go/service/ap/service.go:795.67,797.2 1 2
github.com/umatare5/cisco-ios-xe-wireless-go/service/ap/service.go:800.97,801.61 1 4
github.com/umatare5/cisco-ios-xe-wireless-go/service/ap/service.go:801.61,803.3 1 1
github.com/umatare5/cisco-ios-xe-wireless-go/service/ap/service.go:804.2,804.57 1 3
github.com/umatare5/cisco-ios-xe-wireless-go/service/ap/service.go:808.98,809.61 1 2
github.com/umatare5/cisco-ios-xe-wireless-go/service/ap/service.go:809.61,811.3 1 1
github.com/umatare5/cisco-ios-xe-wireless-go/service/ap/service.go:812.2,812.58 1 1
github.com/umatare5/cisco-ios-xe-wireless-go/service/ap/service.go:816.82,817.55 1 4
github.com/umatare5/cisco-ios-xe-wireless-go/service/ap/service.go:817.55,819.3 1 1
github.com/umatare5/cisco-ios-xe-wireless-go/service/ap/service.go:820.2,821.39 2 3
github.com/umatare5/cisco-ios-xe-wireless-go/service/ap/service.go:825.86,826.59 1 2
github.com/umatare5/cisco-ios-xe-wireless-go/service/ap/service.go:826.59,828.3 1 1
github.com/umatare5/cisco-ios-xe-wireless-go/service/ap/service.go:829.2,830.39 2 1
github.com/umatare5/cisco-ios-xe-wireless-go/service/ap/service.go:834.78,835.51 1 2
github.com/umatare5/cisco-ios-xe-wireless-go/service/ap/service.go:835.51,837.3 1 1
github.com/umatare5/cisco-ios-xe-wireless-go/service/ap/service.go:838.2,839.39 2 1
github.com/umatare5/cisco-ios-xe-wireless-go/service/ap/service.go:843.66,847.16 2 6
github.com/umatare5/cisco-ios-xe-wireless-go/service/ap/service.go:847.16,849.3 1 1
github.com/umatare5/cisco-ios-xe-wireless-go/service/ap/service.go:851.2,852.16 2 5
github.com/umatare5/cisco-ios-xe-wireless-go/service/ap/service.go:852.16,854.3 1 2
github.com/umatare5/cisco-ios-xe-wireless-go/service/ap/service.go:855.2,855.17 1 3
github.com/umatare5/cisco-ios-xe-wireless-go/service/ap/service.go:855.17,857.3 1 0
github.com/umatare5/cisco-ios-xe-wireless-go/service/ap/service.go:859.2,860.12 2 3
github.com/umatare5/cisco-ios-xe-wireless-go/service/ap/service.go:860.12,862.3 1 1
github.com/umatare5/cisco-ios-xe-wireless-go/service/ap/service.go:864.2,864.30 1 2
github.com/umatare5/cisco-ios-xe-wireless-go/service/ap/service.go:868.77,869.59 1 5
github.com/umatare5/cisco-ios-xe-wireless-go/service/ap/service.go:869.59,871.3 1 2
github.com/umatare5/cisco-ios-xe-wireless-go/service/ap/service.go:873.2,874.16 2 3
github.com/umatare5/cisco-ios-xe-wireless-go/service/ap/service.go:874.16,876.3 1 0
github.com/umatare5/cisco-ios-xe-wireless-go/service/ap/service.go:878.2,885.96 2 3
github.com/umatare5/cisco-ios-xe-wireless-go/service/ap/service.go:885.96,887.3 1 1
github.com/umatare5/cisco-ios-xe-wireless-go/service/ap/service.go:889.2,889.12 1 2
github.com/umatare5/cisco-ios-xe-wireless-go/service/ap/service.go:893.117,894.22 1 4
github.com/umatare5/cisco-ios-xe-wireless-go/service/ap/service.go:894.22,896.3 1 0
github.com/umatare5/cisco-ios-xe-wireless-go/service/ap/service.go:898.2,899.16 2 4
github.com/umatare5/cisco-ios-xe-wireless-go/service/ap/service.go:899.16,901.3 1 0
github.com/umatare5/cisco-ios-xe-wireless-go/service/ap/service.go:903.2,904.16 2 4
github.com/umatare5/cisco-ios-xe-wireless-go/service/ap/service.go:904.16,906.3 1 1
github.com/umatare5/cisco-ios-xe-wireless-go/service/ap/service.go:908.2,917.100 2 3
github.com/umatare5/cisco-ios-xe-wireless-go/service/ap/service.go:917.100,919.3 1 1
github.com/umatare5/cisco-ios-xe-wireless-go/service/ap/service.go:920.2,920.12 1 2
github.com/umatare5/cisco-ios-xe-wireless-go/service/ap/service.go:924.82,925.39 1 5
github.com/umatare5/cisco-ios-xe-wireless-go/service/ap/service.go:925.39,927.3 1 1
github.com/umatare5/cisco-ios-xe-wireless-go/service/ap/service.go:928.2,928.72 1 4
github.com/umatare5/cisco-ios-xe-wireless-go/service/ap/service.go:928.72,930.3 1 0
github.com/umatare5/cisco-ios-xe-wireless-go/service/ap/service.go:932.2,933.16 2 4
github.com/umatare5/cisco-ios-xe-wireless-go/service/ap/service.go:933.16,935.3 1 0
github.com/umatare5/cisco-ios-xe-wireless-go/service/ap/service.go:936.2,940.89 3 4
github.com/umatare5/cisco-ios-xe-wireless-go/service/ap/service.go:940.89,942.3 1 1
github.com/umatare5/cisco-ios-xe-wireless-go/service/ap/service.go:943.2,943.12 1 3
github.com/umatare5/cisco-ios-xe-wireless-go/service/ap/service.go:947.67,954.2 2 2
github.com/umatare5/cisco-ios-xe-wireless-go/service/ap/service.go:957.95,958.23 1 3
github.com/umatare5/cisco-ios-xe-wireless-go/service/ap/service.go:958.23,960.3 1 0
github.com/umatare5/cisco-ios-xe-wireless-go/service/ap/service.go:961.2,961.45 1 3
github.com/umatare5/cisco-ios-xe-wireless-go/service/ap/service.go:961.45,962.27 1 2
github.com/umatare5/cisco-ios-xe-wireless-go/service/ap/service.go:962.27,964.4 1 2
github.com/umatare5/cisco-ios-xe-wireless-go/service/ap/service.go:966.2,966.18 1 1
github.com/umatare5/cisco-ios-xe-wireless-go/service/ap/service.go:970.75,977.2 1 4
github.com/umatare5/cisco-ios-xe-wireless-go/service/apf/service.go:17.46,19.2 1 5
github.com/umatare5/cisco-ios-xe-wireless-go/service/apf/service.go:22.108,24.2 1 3
github.com/umatare5/cisco-ios-xe-wireless-go/service/apf/service.go:27.116,29.2 1 3
github.com/umatare5/cisco-ios-xe-wireless-go/service/awips/service.go:17.46,19.2 1 5
github.com/umatare5/cisco-ios-xe-wireless-go/service/awips/service.go:22.116,24.2 1 3
github.com/umatare5/cisco-ios-xe-wireless-go/service/awips/service.go:30.55,32.2 1 3
github.com/umatare5/cisco-ios-xe-wireless-go/service/awips/service.go:39.56,41.2 1 1
github.com/umatare5/cisco-ios-xe-wireless-go/service/awips/service.go:47.58,54.2 1 1
github.com/umatare5/cisco-ios-xe-wireless-go/service/awips/service.go:60.58,67.2 1 1
github.com/umatare5/cisco-ios-xe-wireless-go/service/awips/service.go:73.55,75.2 1 3
github.com/umatare5/cisco-ios-xe-wireless-go/service/awips/service.go:81.60,88.2 1 1
github.com/umatare5/cisco-ios-xe-wireless-go/service/ble/service.go:17.46,19.2 1 5
github.com/umatare5/cisco-ios-xe-wireless-go/service/ble/service.go:22.117,24.2 1 3
github.com/umatare5/cisco-ios-xe-wireless-go/service/ble/service.go:30.50,32.2 1 3
github.com/umatare5/cisco-ios-xe-wireless-go/service/ble/service.go:38.57,40.2 1 3
github.com/umatare5/cisco-ios-xe-wireless-go/service/ble/service.go:46.43,48.2 1 3
github.com/umatare5/cisco-ios-xe-wireless-go/service/ble/service.go:54.52,56.2 1 3
github.com/umatare5/cisco-ios-xe-wireless-go/service/ble/service.go:62.53,64.2 1 3
github.com/umatare5/cisco-ios-xe-wireless-go/service/client/service.go:17.46,19.2 1 13
github.com/umatare5/cisco-ios-xe-wireless-go/service/client/service.go:22.117,24.2 1 7
github.com/umatare5/cisco-ios-xe-wireless-go/service/client/service.go:30.56,37.2 1 1
github.com/umatare5/cisco-ios-xe-wireless-go/service/client/service.go:42.56,44.16 2 9
github.com/umatare5/cisco-ios-xe-wireless-go/service/client/service.go:44.16,46.3 1 3
github.com/umatare5/cisco-ios-xe-wireless-go/service/client/service.go:48.2,49.92 2 6
github.com/umatare5/cisco-ios-xe-wireless-go/service/client/service.go:53.119,55.2 1 1
github.com/umatare5/cisco-ios-xe-wireless-go/service/client/service.go:62.48,64.16 2 9
github.com/umatare5/cisco-ios-xe-wireless-go/service/client/service.go:64.16,66.3 1 3
github.com/umatare5/cisco-ios-xe-wireless-go/service/client/service.go:68.2,69.89 2 6
github.com/umatare5/cisco-ios-xe-wireless-go/service/client/service.go:76.55,83.2 1 7
github.com/umatare5/cisco-ios-xe-wireless-go/service/client/service.go:89.55,91.16 2 14
github.com/umatare5/cisco-ios-xe-wireless-go/service/client/service.go:91.16,93.3 1 3
github.com/umatare5/cisco-ios-xe-wireless-go/service/client/service.go:95.2,96.91 2 11
github.com/umatare5/cisco-ios-xe-wireless-go/service/client/service.go:103.59,110.2 1 1
github.com/umatare5/cisco-ios-xe-wireless-go/service/client/service.go:116.59,118.16 2 9
github.com/umatare5/cisco-ios-xe-wireless-go/service/client/service.go:118.16,120.3 1 3
github.com/umatare5/cisco-ios-xe-wireless-go/service/client/service.go:122.2,123.100 2 6
github.com/umatare5/cisco-ios-xe-wireless-go/service/client/service.go:130.57,137.2 1 1
github.com/umatare5/cisco-ios-xe-wireless-go/service/client/service.go:143.57,145.16 2 9
github.com/umatare5/cisco-ios-xe-wireless-go/service/client/service.go:145.16,147.3 1 3
github.com/umatare5/cisco-ios-xe-wireless-go/service/client/service.go:149.2,150.98 2 6
github.com/umatare5/cisco-ios-xe-wireless-go/service/client/service.go:157.58,164.2 1 1
github.com/umatare5/cisco-ios-xe-wireless-go/service/client/service.go:170.58,172.16 2 9
github.com/umatare5/cisco-ios-xe-wireless-go/service/client/service.go:172.16,174.3 1 3
github.com/umatare5/cisco-ios-xe-wireless-go/service/client/service.go:176.2,177.99 2 6
github.com/umatare5/cisco-ios-xe-wireless-go/service/client/service.go:184.52,186.2 1 1
github.com/umatare5/cisco-ios-xe-wireless-go/service/client/service.go:192.52,194.16 2 9
github.com/umatare5/cisco-ios-xe-wireless-go/service/client/service.go:194.16,196.3 1 3
github.com/umatare5/cisco-ios-xe-wireless-go/service/client/service.go:198.2,199.93 2 6
github.com/umatare5/cisco-ios-xe-wireless-go/service/client/service.go:206.51,208.2 1 1
github.com/umatare5/cisco-ios-xe-wireless-go/service/client/service.go:215.51,217.16 2 9
github.com/umatare5/cisco-ios-xe-wireless-go/service/client/service.go:217.16,219.3 1 3
github.com/umatare5/cisco-ios-xe-wireless-go/service/client/service.go:221.2,222.92 2 6
github.com/umatare5/cisco-ios-xe-wireless-go/service/client/service.go:229.58,236.2 1 1
github.com/umatare5/cisco-ios-xe-wireless-go/service/client/service.go:242.58,244.16 2 9
github.com/umatare5/cisco-ios-xe-wireless-go/service/client/service.go:244.16,246.3 1 3
github.com/umatare5/cisco-ios-xe-wireless-go/service/client/service.go:248.2,249.99 2 6
github.com/umatare5/cisco-ios-xe-wireless-go/service/controller/service.go:20.46,22.2 1 8
github.com/umatare5/cisco-ios-xe-wireless-go/service/controller/service.go:28.50,30.2 1 3
github.com/umatare5/cisco-ios-xe-wireless-go/service/controller/service.go:33.79,34.37 1 4
github.com/umatare5/cisco-ios-xe-wireless-go/service/controller/service.go:34.37,36.3 1 2
github.com/umatare5/cisco-ios-xe-wireless-go/service/controller/service.go:38.2,38.38 1 2
github.com/umatare5/cisco-ios-xe-wireless-go/service/controller/service.go:42.77,43.37 1 4
github.com/umatare5/cisco-ios-xe-wireless-go/service/controller/service.go:43.37,45.3 1 2
github.com/umatare5/cisco-ios-xe-wireless-go/service/controller/service.go:47.2,47.35 1 2
github.com/umatare5/cisco-ios-xe-wireless-go/service/controller/service.go:51.80,60.16 3 4
github.com/umatare5/cisco-ios-xe-wireless-go/service/controller/service.go:60.16,63.3 1 1
github.com/umatare5/cisco-ios-xe-wireless-go/service/controller/service.go:65.2,65.12 1 3
github.com/umatare5/cisco-ios-xe-wireless-go/service/cts/service.go:17.46,19.2 1 5
github.com/umatare5/cisco-ios-xe-wireless-go/service/cts/service.go:22.108,24.2 1 3
github.com/umatare5/cisco-ios-xe-wireless-go/service/cts/service.go:27.114,29.2 1 3
github.com/umatare5/cisco-ios-xe-wireless-go/service/cts/service.go:34.68,40.2 1 3
github.com/umatare5/cisco-ios-xe-wireless-go/service/dot11/service.go:17.46,19.2 1 5
github.com/umatare5/cisco-ios-xe-wireless-go/service/dot11/service.go:22.110,24.2 1 3
github.com/umatare5/cisco-ios-xe-wireless-go/service/dot11/service.go:29.59,36.2 1 2
github.com/umatare5/cisco-ios-xe-wireless-go/service/dot11/service.go:42.52,44.2 1 2
github.com/umatare5/cisco-ios-xe-wireless-go/service/dot11/service.go:50.57,52.2 1 2
github.com/umatare5/cisco-ios-xe-wireless-go/service/dot15/service.go:17.46,19.2 1 5
github.com/umatare5/cisco-ios-xe-wireless-go/service/dot15/service.go:22.110,24.2 1 3
github.com/umatare5/cisco-ios-xe-wireless-go/service/dot15/service.go:30.57,32.2 1 3
github.com/umatare5/cisco-ios-xe-wireless-go/service/fabric/service.go:17.46,19.2 1 4
github.com/umatare5/cisco-ios-xe-wireless-go/service/fabric/service.go:22.111,24.2 1 2
github.com/umatare5/cisco-ios-xe-wireless-go/service/fabric/service.go:30.47,32.2 1 2
github.com/umatare5/cisco-ios-xe-wireless-go/service/fabric/service.go:38.55,40.2 1 2
github.com/umatare5/cisco-ios-xe-wireless-go/service/fabric/service.go:45.64,51.2 1 2
github.com/umatare5/cisco-ios-xe-wireless-go/service/flex/service.go:17.46,19.2 1 5
github.com/umatare5/cisco-ios-xe-wireless-go/service/flex/service.go:22.109,24.2 1 3
github.com/umatare5/cisco-ios-xe-wireless-go/service/flex/service.go:30.56,32.2 1 3
github.com/umatare5/cisco-ios-xe-wireless-go/service/general/service.go:17.46,19.2 1 7
github.com/umatare5/cisco-ios-xe-wireless-go/service/general/service.go:22.118,24.2 1 2
github.com/umatare5/cisco-ios-xe-wireless-go/service/general/service.go:30.55,32.2 1 2
github.com/umatare5/cisco-ios-xe-wireless-go/service/general/service.go:35.94,37.2 1 3
github.com/umatare5/cisco-ios-xe-wireless-go/service/general/service.go:42.116,44.2 1 1
github.com/umatare5/cisco-ios-xe-wireless-go/service/general/service.go:47.96,49.2 1 1
github.com/umatare5/cisco-ios-xe-wireless-go/service/general/service.go:52.111,54.2 1 1
github.com/umatare5/cisco-ios-xe-wireless-go/service/general/service.go:57.95,59.2 1 1
github.com/umatare5/cisco-ios-xe-wireless-go/service/general/service.go:62.109,64.2 1 1
github.com/umatare5/cisco-ios-xe-wireless-go/service/general/service.go:67.92,69.2 1 1
github.com/umatare5/cisco-ios-xe-wireless-go/service/general/service.go:72.100,74.2 1 3
github.com/umatare5/cisco-ios-xe-wireless-go/service/general/service.go:77.90,79.2 1 1
github.com/umatare5/cisco-ios-xe-wireless-go/service/general/service.go:82.108,84.2 1 1
github.com/umatare5/cisco-ios-xe-wireless-go/service/general/service.go:90.37,92.2 1 1
github.com/umatare5/cisco-ios-xe-wireless-go/service/general/service.go:95.116,97.2 1 1
github.com/umatare5/cisco-ios-xe-wireless-go/service/general/service.go:100.112,102.2 1 1
github.com/umatare5/cisco-ios-xe-wireless-go/service/general/service.go:105.116,107.2 1 1
github.com/umatare5/cisco-ios-xe-wireless-go/service/geolocation/service.go:19.46,21.2 1 19
github.com/umatare5/cisco-ios-xe-wireless-go/service/geolocation/service.go:27.47,29.2 1 13
github.com/umatare5/cisco-ios-xe-wireless-go/service/geolocation/service.go:35.60,41.2 1 3
github.com/umatare5/cisco-ios-xe-wireless-go/service/geolocation/service.go:47.59,54.2 1 4
github.com/umatare5/cisco-ios-xe-wireless-go/service/geolocation/service.go:61.59,62.51 1 17
github.com/umatare5/cisco-ios-xe-wireless-go/service/geolocation/service.go:62.51,64.3 1 2
github.com/umatare5/cisco-ios-xe-wireless-go/service/geolocation/service.go:67.2,67.61 1 15
github.com/umatare5/cisco-ios-xe-wireless-go/service/geolocation/service.go:67.61,69.3 1 5
github.com/umatare5/cisco-ios-xe-wireless-go/service/geolocation/service.go:71.2,72.16 2 10
github.com/umatare5/cisco-ios-xe-wireless-go/service/geolocation/service.go:72.16,74.3 1 0
github.com/umatare5/cisco-ios-xe-wireless-go/service/geolocation/service.go:76.2,77.95 2 10
github.com/umatare5/cisco-ios-xe-wireless-go/service/hyperlocation/service.go:17.46,19.2 1 4
github.com/umatare5/cisco-ios-xe-wireless-go/service/hyperlocation/service.go:25.49,27.2 1 2
github.com/umatare5/cisco-ios-xe-wireless-go/service/hyperlocation/service.go:33.53,35.2 1 2
github.com/umatare5/cisco-ios-xe-wireless-go/service/lisp/service.go:17.46,19.2 1 7
github.com/umatare5/cisco-ios-xe-wireless-go/service/lisp/service.go:22.115,24.2 1 3
github.com/umatare5/cisco-ios-xe-wireless-go/service/lisp/service.go:30.60,37.2 1 3
github.com/umatare5/cisco-ios-xe-wireless-go/service/lisp/service.go:43.59,50.2 1 3
github.com/umatare5/cisco-ios-xe-wireless-go/service/lisp/service.go:56.58,63.2 1 2
github.com/umatare5/cisco-ios-xe-wireless-go/service/location/service.go:17.46,19.2 1 8
github.com/umatare5/cisco-ios-xe-wireless-go/service/location/service.go:22.113,24.2 1 3
github.com/umatare5/cisco-ios-xe-wireless-go/service/location/service.go:30.60,37.2 1 2
github.com/umatare5/cisco-ios-xe-wireless-go/service/location/service.go:43.53,45.2 1 2
github.com/umatare5/cisco-ios-xe-wireless-go/service/location/service.go:48.120,50.2 1 1
github.com/umatare5/cisco-ios-xe-wireless-go/service/location/service.go:53.119,55.2 1 1
github.com/umatare5/cisco-ios-xe-wireless-go/service/location/service.go:60.64,66.2 1 1
github.com/umatare5/cisco-ios-xe-wireless-go/service/mcast/service.go:17.46,19.2 1 5
github.com/umatare5/cisco-ios-xe-wireless-go/service/mcast/service.go:22.116,24.2 1 3
github.com/umatare5/cisco-ios-xe-wireless-go/service/mcast/service.go:29.69,33.2 1 3
github.com/umatare5/cisco-ios-xe-wireless-go/service/mcast/service.go:39.53,41.2 1 3
github.com/umatare5/cisco-ios-xe-wireless-go/service/mcast/service.go:46.71,50.2 1 3
github.com/umatare5/cisco-ios-xe-wireless-go/service/mcast/service.go:56.54,58.2 1 3
github.com/umatare5/cisco-ios-xe-wireless-go/service/mcast/service.go:64.58,71.2 1 3
github.com/umatare5/cisco-ios-xe-wireless-go/service/mcast/service.go:76.67,82.2 1 3
github.com/umatare5/cisco-ios-xe-wireless-go/service/mcast/service.go:88.57,95.2 1 1
github.com/umatare5/cisco-ios-xe-wireless-go/service/mcast/service.go:101.56,108.2 1 3
github.com/umatare5/cisco-ios-xe-wireless-go/service/mcast/service.go:113.61,119.2 1 1
github.com/umatare5/cisco-ios-xe-wireless-go/service/mcast/service.go:125.60,131.2 1 1
github.com/umatare5/cisco-ios-xe-wireless-go/service/mdns/service.go:17.46,19.2 1 7
github.com/umatare5/cisco-ios-xe-wireless-go/service/mdns/service.go:22.115,24.2 1 3
github.com/umatare5/cisco-ios-xe-wireless-go/service/mdns/service.go:30.47,32.2 1 3
github.com/umatare5/cisco-ios-xe-wireless-go/service/mdns/service.go:35.119,37.2 1 3
github.com/umatare5/cisco-ios-xe-wireless-go/service/mesh/service.go:17.46,19.2 1 5
github.com/umatare5/cisco-ios-xe-wireless-go/service/mesh/service.go:22.91,24.2 1 3
github.com/umatare5/cisco-ios-xe-wireless-go/service/mesh/service.go:27.115,29.2 1 3
github.com/umatare5/cisco-ios-xe-wireless-go/service/mesh/service.go:36.54,38.2 1 3
github.com/umatare5/cisco-ios-xe-wireless-go/service/mesh/service.go:45.57,47.2 1 3
github.com/umatare5/cisco-ios-xe-wireless-go/service/mesh/service.go:54.57,56.2 1 3
github.com/umatare5/cisco-ios-xe-wireless-go/service/mesh/service.go:63.55,65.2 1 3
github.com/umatare5/cisco-ios-xe-wireless-go/service/mesh/service.go:71.55,73.2 1 3
github.com/umatare5/cisco-ios-xe-wireless-go/service/mesh/service.go:80.53,82.2 1 3
github.com/umatare5/cisco-ios-xe-wireless-go/service/mesh/service.go:89.54,91.2 1 3
github.com/umatare5/cisco-ios-xe-wireless-go/service/mesh/service.go:97.54,99.2 1 3
github.com/umatare5/cisco-ios-xe-wireless-go/service/mobility/service.go:17.46,19.2 1 10
github.com/umatare5/cisco-ios-xe-wireless-go/service/mobility/service.go:22.113,24.2 1 3
github.com/umatare5/cisco-ios-xe-wireless-go/service/mobility/service.go:30.57,32.2 1 3
github.com/umatare5/cisco-ios-xe-wireless-go/service/mobility/service.go:35.119,37.2 1 3
github.com/umatare5/cisco-ios-xe-wireless-go/service/mobility/service.go:43.51,45.2 1 4
github.com/umatare5/cisco-ios-xe-wireless-go/service/mobility/service.go:51.54,53.2 1 2
github.com/umatare5/cisco-ios-xe-wireless-go/service/mobility/service.go:59.56,66.2 1 2
github.com/umatare5/cisco-ios-xe-wireless-go/service/mobility/service.go:72.59,76.2 1 2
github.com/umatare5/cisco-ios-xe-wireless-go/service/mobility/service.go:82.62,86.2 1 2
github.com/umatare5/cisco-ios-xe-wireless-go/service/mobility/service.go:91.63,95.2 1 2
github.com/umatare5/cisco-ios-xe-wireless-go/service/mobility/service.go:100.62,106.2 1 3
github.com/umatare5/cisco-ios-xe-wireless-go/service/mobility/service.go:112.63,119.2 1 1
github.com/umatare5/cisco-ios-xe-wireless-go/service/mobility/service.go:124.67,130.2 1 1
github.com/umatare5/cisco-ios-xe-wireless-go/service/mobility/service.go:135.66,141.2 1 1
github.com/umatare5/cisco-ios-xe-wireless-go/service/mobility/service.go:147.59,154.2 1 1
github.com/umatare5/cisco-ios-xe-wireless-go/service/nmsp/service.go:17.46,19.2 1 3
github.com/umatare5/cisco-ios-xe-wireless-go/service/nmsp/service.go:22.115,24.2 1 1
github.com/umatare5/cisco-ios-xe-wireless-go/service/nmsp/service.go:30.54,37.2 1 1
github.com/umatare5/cisco-ios-xe-wireless-go/service/nmsp/service.go:43.49,45.2 1 1
github.com/umatare5/cisco-ios-xe-wireless-go/service/nmsp/service.go:51.48,53.2 1 1
github.com/umatare5/cisco-ios-xe-wireless-go/service/radio/service.go:17.46,19.2 1 6
github.com/umatare5/cisco-ios-xe-wireless-go/service/radio/service.go:22.110,24.2 1 3
github.com/umatare5/cisco-ios-xe-wireless-go/service/radio/service.go:30.53,32.2 1 3
github.com/umatare5/cisco-ios-xe-wireless-go/service/rf/service.go:17.46,19.2 1 23
github.com/umatare5/cisco-ios-xe-wireless-go/service/rf/service.go:22.40,24.2 1 16
github.com/umatare5/cisco-ios-xe-wireless-go/service/rf/service.go:27.107,29.2 1 2
github.com/umatare5/cisco-ios-xe-wireless-go/service/rf/service.go:32.114,34.2 1 7
github.com/umatare5/cisco-ios-xe-wireless-go/service/rf/service.go:40.47,42.2 1 2
github.com/umatare5/cisco-ios-xe-wireless-go/service/rf/service.go:48.55,50.2 1 2
github.com/umatare5/cisco-ios-xe-wireless-go/service/rf/service.go:56.48,58.2 1 2
github.com/umatare5/cisco-ios-xe-wireless-go/service/rf/service.go:64.60,71.2 1 2
github.com/umatare5/cisco-ios-xe-wireless-go/service/rf/service.go:74.113,76.2 1 2
github.com/umatare5/cisco-ios-xe-wireless-go/service/rf/service.go:82.55,89.2 1 2
github.com/umatare5/cisco-ios-xe-wireless-go/service/rf/service.go:95.54,102.2 1 2
github.com/umatare5/cisco-ios-xe-wireless-go/service/rf/tag_service.go:20.57,24.2 1 16
github.com/umatare5/cisco-ios-xe-wireless-go/service/rf/tag_service.go:27.113,29.2 1 1
github.com/umatare5/cisco-ios-xe-wireless-go/service/rf/tag_service.go:32.110,33.51 1 14
github.com/umatare5/cisco-ios-xe-wireless-go/service/rf/tag_service.go:33.51,35.3 1 5
github.com/umatare5/cisco-ios-xe-wireless-go/service/rf/tag_service.go:37.2,38.16 2 9
github.com/umatare5/cisco-ios-xe-wireless-go/service/rf/tag_service.go:38.16,40.3 1 3
github.com/umatare5/cisco-ios-xe-wireless-go/service/rf/tag_service.go:41.2,41.70 1 6
github.com/umatare5/cisco-ios-xe-wireless-go/service/rf/tag_service.go:41.70,43.3 1 1
github.com/umatare5/cisco-ios-xe-wireless-go/service/rf/tag_service.go:45.2,45.31 1 5
github.com/umatare5/cisco-ios-xe-wireless-go/service/rf/tag_service.go:49.97,53.16 3 5
github.com/umatare5/cisco-ios-xe-wireless-go/service/rf/tag_service.go:53.16,55.3 1 2
github.com/umatare5/cisco-ios-xe-wireless-go/service/rf/tag_service.go:56.2,56.43 1 3
github.com/umatare5/cisco-ios-xe-wireless-go/service/rf/tag_service.go:56.43,58.3 1 1
github.com/umatare5/cisco-ios-xe-wireless-go/service/rf/tag_service.go:59.2,59.36 1 2
github.com/umatare5/cisco-ios-xe-wireless-go/service/rf/tag_service.go:59.36,61.3 1 1
github.com/umatare5/cisco-ios-xe-wireless-go/service/rf/tag_service.go:63.2,63.34 1 1
github.com/umatare5/cisco-ios-xe-wireless-go/service/rf/tag_service.go:67.78,68.19 1 5
github.com/umatare5/cisco-ios-xe-wireless-go/service/rf/tag_service.go:68.19,70.3 1 1
github.com/umatare5/cisco-ios-xe-wireless-go/service/rf/tag_service.go:71.2,71.26 1 4
github.com/umatare5/cisco-ios-xe-wireless-go/service/rf/tag_service.go:71.26,73.3 1 1
github.com/umatare5/cisco-ios-xe-wireless-go/service/rf/tag_service.go:75.2,75.58 1 3
github.com/umatare5/cisco-ios-xe-wireless-go/service/rf/tag_service.go:75.58,77.3 1 1
github.com/umatare5/cisco-ios-xe-wireless-go/service/rf/tag_service.go:79.2,80.67 2 2
github.com/umatare5/cisco-ios-xe-wireless-go/service/rf/tag_service.go:84.79,85.51 1 3
github.com/umatare5/cisco-ios-xe-wireless-go/service/rf/tag_service.go:85.51,87.3 1 1
github.com/umatare5/cisco-ios-xe-wireless-go/service/rf/tag_service.go:88.2,88.61 1 2
github.com/umatare5/cisco-ios-xe-wireless-go/service/rf/tag_service.go:92.101,93.61 1 3
github.com/umatare5/cisco-ios-xe-wireless-go/service/rf/tag_service.go:93.61,94.21 1 1
github.com/umatare5/cisco-ios-xe-wireless-go/service/rf/tag_service.go:94.21,96.4 1 1
github.com/umatare5/cisco-ios-xe-wireless-go/service/rf/tag_service.go:101.101,102.61 1 1
github.com/umatare5/cisco-ios-xe-wireless-go/service/rf/tag_service.go:102.61,103.21 1 1
github.com/umatare5/cisco-ios-xe-wireless-go/service/rf/tag_service.go:103.21,105.4 1 1
github.com/umatare5/cisco-ios-xe-wireless-go/service/rf/tag_service.go:110.104,111.61 1 1
github.com/umatare5/cisco-ios-xe-wireless-go/service/rf/tag_service.go:111.61,112.21 1 1
github.com/umatare5/cisco-ios-xe-wireless-go/service/rf/tag_service.go:112.21,114.4 1 1
github.com/umatare5/cisco-ios-xe-wireless-go/service/rf/tag_service.go:119.95,120.61 1 4
github.com/umatare5/cisco-ios-xe-wireless-go/service/rf/tag_service.go:120.61,121.21 1 1
github.com/umatare5/cisco-ios-xe-wireless-go/service/rf/tag_service.go:121.21,123.4 1 1
github.com/umatare5/cisco-ios-xe-wireless-go/service/rf/tag_service.go:130.9,131.23 1 9
github.com/umatare5/cisco-ios-xe-wireless-go/service/rf/tag_service.go:131.23,133.3 1 0
github.com/umatare5/cisco-ios-xe-wireless-go/service/rf/tag_service.go:135.2,136.16 2 9
github.com/umatare5/cisco-ios-xe-wireless-go/service/rf/tag_service.go:136.16,139.3 1 5
github.com/umatare5/cisco-ios-xe-wireless-go/service/rf/tag_service.go:140.2,140.16 1 4
github.com/umatare5/cisco-ios-xe-wireless-go/service/rf/tag_service.go:140.16,143.3 1 0
github.com/umatare5/cisco-ios-xe-wireless-go/service/rf/tag_service.go:145.2,146.29 2 4
github.com/umatare5/cisco-ios-xe-wireless-go/service/rf/tag_service.go:150.75,151.19 1 4
github.com/umatare5/cisco-ios-xe-wireless-go/service/rf/tag_service.go:151.19,153.3 1 0
github.com/umatare5/cisco-ios-xe-wireless-go/service/rf/tag_service.go:154.2,154.26 1 4
github.com/umatare5/cisco-ios-xe-wireless-go/service/rf/tag_service.go:154.26,156.3 1 0
github.com/umatare5/cisco-ios-xe-wireless-go/service/rf/tag_service.go:158.2,158.58 1 4
github.com/umatare5/cisco-ios-xe-wireless-go/service/rf/tag_service.go:158.58,160.3 1 0
github.com/umatare5/cisco-ios-xe-wireless-go/service/rf/tag_service.go:163.2,164.78 2 4
github.com/umatare5/cisco-ios-xe-wireless-go/service/rf/tag_service.go:168.62,169.19 1 24
github.com/umatare5/cisco-ios-xe-wireless-go/service/rf/tag_service.go:169.19,171.3 1 5
github.com/umatare5/cisco-ios-xe-wireless-go/service/rf/tag_service.go:172.2,172.38 1 19
github.com/umatare5/cisco-ios-xe-wireless-go/service/rf/tag_service.go:172.38,175.3 1 2
github.com/umatare5/cisco-ios-xe-wireless-go/service/rf/tag_service.go:176.2,176.12 1 17
github.com/umatare5/cisco-ios-xe-wireless-go/service/rf/tag_service.go:180.59,182.2 1 15
github.com/umatare5/cisco-ios-xe-wireless-go/service/rf/tag_service.go:185.89,189.2 1 6
github.com/umatare5/cisco-ios-xe-wireless-go/service/rfid/service.go:17.46,19.2 1 7
github.com/umatare5/cisco-ios-xe-wireless-go/service/rfid/service.go:22.109,24.2 1 2
github.com/umatare5/cisco-ios-xe-wireless-go/service/rfid/service.go:30.43,32.2 1 1
github.com/umatare5/cisco-ios-xe-wireless-go/service/rfid/service.go:35.109,37.2 1 1
github.com/umatare5/cisco-ios-xe-wireless-go/service/rfid/service.go:43.60,45.16 2 2
github.com/umatare5/cisco-ios-xe-wireless-go/service/rfid/service.go:45.16,47.3 1 1
github.com/umatare5/cisco-ios-xe-wireless-go/service/rfid/service.go:49.2,50.96 2 1
github.com/umatare5/cisco-ios-xe-wireless-go/service/rfid/service.go:58.59,60.16 2 3
github.com/umatare5/cisco-ios-xe-wireless-go/service/rfid/service.go:60.16,62.3 1 1
github.com/umatare5/cisco-ios-xe-wireless-go/service/rfid/service.go:63.2,64.16 2 2
github.com/umatare5/cisco-ios-xe-wireless-go/service/rfid/service.go:64.16,66.3 1 1
github.com/umatare5/cisco-ios-xe-wireless-go/service/rfid/service.go:68.2,74.95 2 1
github.com/umatare5/cisco-ios-xe-wireless-go/service/rfid/service.go:78.115,80.2 1 3
github.com/umatare5/cisco-ios-xe-wireless-go/service/rfid/service.go:86.48,88.16 2 2
github.com/umatare5/cisco-ios-xe-wireless-go/service/rfid/service.go:88.16,90.3 1 1
github.com/umatare5/cisco-ios-xe-wireless-go/service/rfid/service.go:92.2,93.84 2 1
github.com/umatare5/cisco-ios-xe-wireless-go/service/rogue/service.go:17.46,19.2 1 10
github.com/umatare5/cisco-ios-xe-wireless-go/service/rogue/service.go:22.116,24.2 1 3
github.com/umatare5/cisco-ios-xe-wireless-go/service/rogue/service.go:27.112,29.2 1 2
github.com/umatare5/cisco-ios-xe-wireless-go/service/rogue/service.go:36.41,38.16 2 6
github.com/umatare5/cisco-ios-xe-wireless-go/service/rogue/service.go:38.16,40.3 1 3
github.com/umatare5/cisco-ios-xe-wireless-go/service/rogue/service.go:42.2,43.77 2 3
github.com/umatare5/cisco-ios-xe-wireless-go/service/rogue/service.go:50.47,52.2 1 2
github.com/umatare5/cisco-ios-xe-wireless-go/service/rogue/service.go:59.47,61.16 2 6
github.com/umatare5/cisco-ios-xe-wireless-go/service/rogue/service.go:61.16,63.3 1 3
github.com/umatare5/cisco-ios-xe-wireless-go/service/rogue/service.go:65.2,66.83 2 3
github.com/umatare5/cisco-ios-xe-wireless-go/service/rogue/service.go:73.51,75.2 1 2
github.com/umatare5/cisco-ios-xe-wireless-go/service/rogue/service.go:86.50,88.2 1 2
github.com/umatare5/cisco-ios-xe-wireless-go/service/rrm/service.go:17.46,19.2 1 6
github.com/umatare5/cisco-ios-xe-wireless-go/service/rrm/service.go:22.108,24.2 1 3
github.com/umatare5/cisco-ios-xe-wireless-go/service/rrm/service.go:27.114,29.2 1 3
github.com/umatare5/cisco-ios-xe-wireless-go/service/rrm/service.go:32.108,34.2 1 3
github.com/umatare5/cisco-ios-xe-wireless-go/service/rrm/service.go:40.43,42.2 1 3
github.com/umatare5/cisco-ios-xe-wireless-go/service/rrm/service.go:45.111,47.2 1 3
github.com/umatare5/cisco-ios-xe-wireless-go/service/rrm/service.go:53.54,60.2 1 3
github.com/umatare5/cisco-ios-xe-wireless-go/service/rrm/service.go:66.56,73.2 1 3
github.com/umatare5/cisco-ios-xe-wireless-go/service/rrm/service.go:79.55,86.2 1 3
github.com/umatare5/cisco-ios-xe-wireless-go/service/rrm/service.go:92.58,98.2 1 1
github.com/umatare5/cisco-ios-xe-wireless-go/service/rrm/service.go:104.53,106.2 1 1
github.com/umatare5/cisco-ios-xe-wireless-go/service/rrm/service.go:112.48,114.2 1 2
github.com/umatare5/cisco-ios-xe-wireless-go/service/rrm/service.go:117.120,119.2 1 1
github.com/umatare5/cisco-ios-xe-wireless-go/service/rrm/service.go:125.52,127.2 1 1
github.com/umatare5/cisco-ios-xe-wireless-go/service/rrm/service.go:133.58,139.2 1 1
github.com/umatare5/cisco-ios-xe-wireless-go/service/rrm/service.go:145.54,152.2 1 1
github.com/umatare5/cisco-ios-xe-wireless-go/service/rrm/service.go:157.63,163.2 1 3
github.com/umatare5/cisco-ios-xe-wireless-go/service/rrm/service.go:169.61,175.2 1 1
github.com/umatare5/cisco-ios-xe-wireless-go/service/rrm/service.go:181.61,187.2 1 3
github.com/umatare5/cisco-ios-xe-wireless-go/service/rrm/service.go:193.60,199.2 1 1
github.com/umatare5/cisco-ios-xe-wireless-go/service/rrm/service.go:205.62,211.2 1 1
github.com/umatare5/cisco-ios-xe-wireless-go/service/rrm/service.go:216.66,222.2 1 1
github.com/umatare5/cisco-ios-xe-wireless-go/service/rrm/service.go:227.67,233.2 1 1
github.com/umatare5/cisco-ios-xe-wireless-go/service/rrm/service.go:239.58,245.2 1 1
github.com/umatare5/cisco-ios-xe-wireless-go/service/rrm/service.go:251.56,258.2 1 1
github.com/umatare5/cisco-ios-xe-wireless-go/service/rrm/service.go:264.56,271.2 1 1
github.com/umatare5/cisco-ios-xe-wireless-go/service/rrm/service.go:276.65,282.2 1 1
github.com/umatare5/cisco-ios-xe-wireless-go/service/rrm/service.go:288.54,295.2 1 3
github.com/umatare5/cisco-ios-xe-wireless-go/service/site/service.go:17.46,19.2 1 24
github.com/umatare5/cisco-ios-xe-wireless-go/service/site/service.go:22.44,24.2 1 14
github.com/umatare5/cisco-ios-xe-wireless-go/service/site/service.go:27.109,29.2 1 2
github.com/umatare5/cisco-ios-xe-wireless-go/service/site/service.go:35.52,37.2 1 2
github.com/umatare5/cisco-ios-xe-wireless-go/service/site/service.go:43.53,45.2 1 8
github.com/umatare5/cisco-ios-xe-wireless-go/service/site/tag_service.go:20.61,24.2 1 14
github.com/umatare5/cisco-ios-xe-wireless-go/service/site/tag_service.go:31.27,32.51 1 23
github.com/umatare5/cisco-ios-xe-wireless-go/service/site/tag_service.go:32.51,34.3 1 2
github.com/umatare5/cisco-ios-xe-wireless-go/service/site/tag_service.go:36.2,37.16 2 21
github.com/umatare5/cisco-ios-xe-wireless-go/service/site/tag_service.go:37.16,39.3 1 5
github.com/umatare5/cisco-ios-xe-wireless-go/service/site/tag_service.go:40.2,40.19 1 16
github.com/umatare5/cisco-ios-xe-wireless-go/service/site/tag_service.go:40.19,42.3 1 0
github.com/umatare5/cisco-ios-xe-wireless-go/service/site/tag_service.go:43.2,43.36 1 16
github.com/umatare5/cisco-ios-xe-wireless-go/service/site/tag_service.go:43.36,45.3 1 5
github.com/umatare5/cisco-ios-xe-wireless-go/service/site/tag_service.go:47.2,47.38 1 11
github.com/umatare5/cisco-ios-xe-wireless-go/service/site/tag_service.go:54.28,58.16 3 6
github.com/umatare5/cisco-ios-xe-wireless-go/service/site/tag_service.go:58.16,60.3 1 1
github.com/umatare5/cisco-ios-xe-wireless-go/service/site/tag_service.go:61.2,61.51 1 5
github.com/umatare5/cisco-ios-xe-wireless-go/service/site/tag_service.go:61.51,63.3 1 1
github.com/umatare5/cisco-ios-xe-wireless-go/service/site/tag_service.go:64.2,64.51 1 4
github.com/umatare5/cisco-ios-xe-wireless-go/service/site/tag_service.go:64.51,66.3 1 2
github.com/umatare5/cisco-ios-xe-wireless-go/service/site/tag_service.go:68.2,68.49 1 2
github.com/umatare5/cisco-ios-xe-wireless-go/service/site/tag_service.go:72.90,73.19 1 4
github.com/umatare5/cisco-ios-xe-wireless-go/service/site/tag_service.go:73.19,75.3 1 1
github.com/umatare5/cisco-ios-xe-wireless-go/service/site/tag_service.go:76.2,76.30 1 3
github.com/umatare5/cisco-ios-xe-wireless-go/service/site/tag_service.go:76.30,78.3 1 1
github.com/umatare5/cisco-ios-xe-wireless-go/service/site/tag_service.go:79.2,79.62 1 2
github.com/umatare5/cisco-ios-xe-wireless-go/service/site/tag_service.go:79.62,81.3 1 0
github.com/umatare5/cisco-ios-xe-wireless-go/service/site/tag_service.go:83.2,84.75 2 2
github.com/umatare5/cisco-ios-xe-wireless-go/service/site/tag_service.go:88.105,90.16 2 4
github.com/umatare5/cisco-ios-xe-wireless-go/service/site/tag_service.go:90.16,93.3 1 1
github.com/umatare5/cisco-ios-xe-wireless-go/service/site/tag_service.go:94.2,94.19 1 3
github.com/umatare5/cisco-ios-xe-wireless-go/service/site/tag_service.go:94.19,97.3 1 1
github.com/umatare5/cisco-ios-xe-wireless-go/service/site/tag_service.go:99.2,100.34 2 2
github.com/umatare5/cisco-ios-xe-wireless-go/service/site/tag_service.go:104.101,106.16 2 4
github.com/umatare5/cisco-ios-xe-wireless-go/service/site/tag_service.go:106.16,109.3 1 1
github.com/umatare5/cisco-ios-xe-wireless-go/service/site/tag_service.go:111.2,111.19 1 3
github.com/umatare5/cisco-ios-xe-wireless-go/service/site/tag_service.go:111.19,114.3 1 1
github.com/umatare5/cisco-ios-xe-wireless-go/service/site/tag_service.go:116.2,119.34 4 2
github.com/umatare5/cisco-ios-xe-wireless-go/service/site/tag_service.go:123.100,125.16 2 4
github.com/umatare5/cisco-ios-xe-wireless-go/service/site/tag_service.go:125.16,128.3 1 1
github.com/umatare5/cisco-ios-xe-wireless-go/service/site/tag_service.go:130.2,130.19 1 3
github.com/umatare5/cisco-ios-xe-wireless-go/service/site/tag_service.go:130.19,133.3 1 1
github.com/umatare5/cisco-ios-xe-wireless-go/service/site/tag_service.go:135.2,136.34 2 2
github.com/umatare5/cisco-ios-xe-wireless-go/service/site/tag_service.go:140.101,142.16 2 4
github.com/umatare5/cisco-ios-xe-wireless-go/service/site/tag_service.go:142.16,145.3 1 1
github.com/umatare5/cisco-ios-xe-wireless-go/service/site/tag_service.go:146.2,146.19 1 3
github.com/umatare5/cisco-ios-xe-wireless-go/service/site/tag_service.go:146.19,149.3 1 1
github.com/umatare5/cisco-ios-xe-wireless-go/service/site/tag_service.go:151.2,152.34 2 2
github.com/umatare5/cisco-ios-xe-wireless-go/service/site/tag_service.go:156.87,157.55 1 3
github.com/umatare5/cisco-ios-xe-wireless-go/service/site/tag_service.go:157.55,159.3 1 2
github.com/umatare5/cisco-ios-xe-wireless-go/service/site/tag_service.go:160.2,160.65 1 1
github.com/umatare5/cisco-ios-xe-wireless-go/service/site/tag_service.go:164.87,165.19 1 8
github.com/umatare5/cisco-ios-xe-wireless-go/service/site/tag_service.go:165.19,167.3 1 0
github.com/umatare5/cisco-ios-xe-wireless-go/service/site/tag_service.go:168.2,168.30 1 8
github.com/umatare5/cisco-ios-xe-wireless-go/service/site/tag_service.go:168.30,170.3 1 0
github.com/umatare5/cisco-ios-xe-wireless-go/service/site/tag_service.go:171.2,171.62 1 8
github.com/umatare5/cisco-ios-xe-wireless-go/service/site/tag_service.go:171.62,173.3 1 0
github.com/umatare5/cisco-ios-xe-wireless-go/service/site/tag_service.go:175.2,176.84 2 8
github.com/umatare5/cisco-ios-xe-wireless-go/service/site/tag_service.go:180.64,181.19 1 36
github.com/umatare5/cisco-ios-xe-wireless-go/service/site/tag_service.go:181.19,183.3 1 2
github.com/umatare5/cisco-ios-xe-wireless-go/service/site/tag_service.go:184.2,184.38 1 34
github.com/umatare5/cisco-ios-xe-wireless-go/service/site/tag_service.go:184.38,187.3 1 2
github.com/umatare5/cisco-ios-xe-wireless-go/service/site/tag_service.go:188.2,188.12 1 32
github.com/umatare5/cisco-ios-xe-wireless-go/service/site/tag_service.go:192.61,194.2 1 30
github.com/umatare5/cisco-ios-xe-wireless-go/service/site/tag_service.go:197.101,201.2 1 10
github.com/umatare5/cisco-ios-xe-wireless-go/service/spaces/service.go:18.46,20.2 1 4
github.com/umatare5/cisco-ios-xe-wireless-go/service/spaces/service.go:24.117,26.2 1 2
github.com/umatare5/cisco-ios-xe-wireless-go/service/spaces/service.go:33.69,40.2 1 2
github.com/umatare5/cisco-ios-xe-wireless-go/service/urwb/service.go:18.46,20.2 1 5
github.com/umatare5/cisco-ios-xe-wireless-go/service/urwb/service.go:24.109,26.2 1 2
github.com/umatare5/cisco-ios-xe-wireless-go/service/urwb/service.go:33.40,35.2 1 1
github.com/umatare5/cisco-ios-xe-wireless-go/service/wat/service.go:18.46,20.2 1 5
github.com/umatare5/cisco-ios-xe-wireless-go/service/wat/service.go:24.108,26.2 1 3
github.com/umatare5/cisco-ios-xe-wireless-go/service/wlan/service.go:17.46,19.2 1 35
github.com/umatare5/cisco-ios-xe-wireless-go/service/wlan/service.go:22.48,24.2 1 18
github.com/umatare5/cisco-ios-xe-wireless-go/service/wlan/service.go:27.109,29.2 1 4
github.com/umatare5/cisco-ios-xe-wireless-go/service/wlan/service.go:32.103,34.2 1 4
github.com/umatare5/cisco-ios-xe-wireless-go/service/wlan/service.go:40.53,42.2 1 5
github.com/umatare5/cisco-ios-xe-wireless-go/service/wlan/service.go:48.51,50.2 1 5
github.com/umatare5/cisco-ios-xe-wireless-go/service/wlan/service.go:56.56,63.2 1 10
github.com/umatare5/cisco-ios-xe-wireless-go/service/wlan/service.go:68.63,74.2 1 2
github.com/umatare5/cisco-ios-xe-wireless-go/service/wlan/service.go:80.54,82.2 1 1
github.com/umatare5/cisco-ios-xe-wireless-go/service/wlan/service.go:88.54,90.2 1 1
github.com/umatare5/cisco-ios-xe-wireless-go/service/wlan/tag_service.go:19.60,23.2 1 18
github.com/umatare5/cisco-ios-xe-wireless-go/service/wlan/tag_service.go:30.29,31.51 1 13
github.com/umatare5/cisco-ios-xe-wireless-go/service/wlan/tag_service.go:31.51,33.3 1 0
github.com/umatare5/cisco-ios-xe-wireless-go/service/wlan/tag_service.go:38.2,41.16 2 13
github.com/umatare5/cisco-ios-xe-wireless-go/service/wlan/tag_service.go:41.16,43.3 1 10
github.com/umatare5/cisco-ios-xe-wireless-go/service/wlan/tag_service.go:44.2,44.55 1 3
github.com/umatare5/cisco-ios-xe-wireless-go/service/wlan/tag_service.go:44.55,46.3 1 0
github.com/umatare5/cisco-ios-xe-wireless-go/service/wlan/tag_service.go:48.2,48.40 1 3
github.com/umatare5/cisco-ios-xe-wireless-go/service/wlan/tag_service.go:55.30,59.16 3 8
github.com/umatare5/cisco-ios-xe-wireless-go/service/wlan/tag_service.go:59.16,61.3 1 2
github.com/umatare5/cisco-ios-xe-wireless-go/service/wlan/tag_service.go:63.2,63.19 1 6
github.com/umatare5/cisco-ios-xe-wireless-go/service/wlan/tag_service.go:63.19,65.3 1 0
github.com/umatare5/cisco-ios-xe-wireless-go/service/wlan/tag_service.go:66.2,66.37 1 6
github.com/umatare5/cisco-ios-xe-wireless-go/service/wlan/tag_service.go:66.37,68.3 1 2
github.com/umatare5/cisco-ios-xe-wireless-go/service/wlan/tag_service.go:69.2,69.53 1 4
github.com/umatare5/cisco-ios-xe-wireless-go/service/wlan/tag_service.go:69.53,71.3 1 1
github.com/umatare5/cisco-ios-xe-wireless-go/service/wlan/tag_service.go:73.2,73.54 1 3
github.com/umatare5/cisco-ios-xe-wireless-go/service/wlan/tag_service.go:77.96,78.19 1 4
github.com/umatare5/cisco-ios-xe-wireless-go/service/wlan/tag_service.go:78.19,80.3 1 1
github.com/umatare5/cisco-ios-xe-wireless-go/service/wlan/tag_service.go:81.2,81.26 1 3
github.com/umatare5/cisco-ios-xe-wireless-go/service/wlan/tag_service.go:81.26,83.3 1 1
github.com/umatare5/cisco-ios-xe-wireless-go/service/wlan/tag_service.go:84.2,84.58 1 2
github.com/umatare5/cisco-ios-xe-wireless-go/service/wlan/tag_service.go:84.58,86.3 1 1
github.com/umatare5/cisco-ios-xe-wireless-go/service/wlan/tag_service.go:88.2,89.82 2 1
github.com/umatare5/cisco-ios-xe-wireless-go/service/wlan/tag_service.go:93.93,94.19 1 6
github.com/umatare5/cisco-ios-xe-wireless-go/service/wlan/tag_service.go:94.19,96.3 1 1
github.com/umatare5/cisco-ios-xe-wireless-go/service/wlan/tag_service.go:97.2,97.26 1 5
github.com/umatare5/cisco-ios-xe-wireless-go/service/wlan/tag_service.go:97.26,99.3 1 1
github.com/umatare5/cisco-ios-xe-wireless-go/service/wlan/tag_service.go:100.2,100.58 1 4
github.com/umatare5/cisco-ios-xe-wireless-go/service/wlan/tag_service.go:100.58,102.3 1 1
github.com/umatare5/cisco-ios-xe-wireless-go/service/wlan/tag_service.go:104.2,105.80 2 3
github.com/umatare5/cisco-ios-xe-wireless-go/service/wlan/tag_service.go:112.9,115.16 2 5
github.com/umatare5/cisco-ios-xe-wireless-go/service/wlan/tag_service.go:115.16,118.3 1 4
github.com/umatare5/cisco-ios-xe-wireless-go/service/wlan/tag_service.go:120.2,120.19 1 1
github.com/umatare5/cisco-ios-xe-wireless-go/service/wlan/tag_service.go:120.19,123.3 1 0
github.com/umatare5/cisco-ios-xe-wireless-go/service/wlan/tag_service.go:126.2,126.32 1 1
github.com/umatare5/cisco-ios-xe-wireless-go/service/wlan/tag_service.go:126.32,130.3 1 0
github.com/umatare5/cisco-ios-xe-wireless-go/service/wlan/tag_service.go:133.2,134.48 2 1
github.com/umatare5/cisco-ios-xe-wireless-go/service/wlan/tag_service.go:134.48,135.75 1 1
github.com/umatare5/cisco-ios-xe-wireless-go/service/wlan/tag_service.go:135.75,138.9 3 0
github.com/umatare5/cisco-ios-xe-wireless-go/service/wlan/tag_service.go:142.2,142.12 1 1
github.com/umatare5/cisco-ios-xe-wireless-go/service/wlan/tag_service.go:142.12,147.3 1 1
github.com/umatare5/cisco-ios-xe-wireless-go/service/wlan/tag_service.go:149.2,149.36 1 1
github.com/umatare5/cisco-ios-xe-wireless-go/service/wlan/tag_service.go:153.99,155.16 2 3
github.com/umatare5/cisco-ios-xe-wireless-go/service/wlan/tag_service.go:155.16,158.3 1 2
github.com/umatare5/cisco-ios-xe-wireless-go/service/wlan/tag_service.go:160.2,160.19 1 1
github.com/umatare5/cisco-ios-xe-wireless-go/service/wlan/tag_service.go:160.19,163.3 1 0
github.com/umatare5/cisco-ios-xe-wireless-go/service/wlan/tag_service.go:167.2,168.36 2 1
github.com/umatare5/cisco-ios-xe-wireless-go/service/wlan/tag_service.go:172.87,173.51 1 5
github.com/umatare5/cisco-ios-xe-wireless-go/service/wlan/tag_service.go:173.51,175.3 1 1
github.com/umatare5/cisco-ios-xe-wireless-go/service/wlan/tag_service.go:176.2,176.61 1 4
github.com/umatare5/cisco-ios-xe-wireless-go/service/wlan/tag_service.go:180.66,181.19 1 24
github.com/umatare5/cisco-ios-xe-wireless-go/service/wlan/tag_service.go:181.19,183.3 1 1
github.com/umatare5/cisco-ios-xe-wireless-go/service/wlan/tag_service.go:184.2,184.23 1 23
github.com/umatare5/cisco-ios-xe-wireless-go/service/wlan/tag_service.go:184.23,187.3 1 2
github.com/umatare5/cisco-ios-xe-wireless-go/service/wlan/tag_service.go:188.2,188.12 1 21
github.com/umatare5/cisco-ios-xe-wireless-go/service/wlan/tag_service.go:192.63,197.2 1 20
github.com/umatare5/cisco-ios-xe-wireless-go/service/wlan/tag_service.go:200.112,204.2 1 4
